No,Username,Rating,Waktu,Ulasan Text,Variasi
1,t*****a,5,2022-08-28 16:48,"Kualitas: bagus Cocok Untuk: boluu Nyampenya cepet, setelah dieksekusi hasilnya memuaskan, enak bgt bolunya, pas mateng langsung aku serbu sendiri sampe mau habis separonya.. makasih seller, next bakalan order lagi nih!! 0:18 26 t*****9",-
2,t*****9,5,2022-03-17 19:32,"Jenis: tepung ketan hitam Harga: murah Kualitas: bagus Pertama kali beli tepung ini buat bikin bolu ketan pas lebaran nanti, keliatannya sih kualitas tepungnya bagus. Untuk packing rapih, pengiriman jg cepet, harga murah. Thanks eak👍 0:06 4 a*****2",-
3,a*****2,5,2025-07-07 20:01,"Rasa: enak Tekstur: normal seperti tepung ketan pada umumnya Kegunaan: cocok untuk membuat kue Solusi jitu biar ga berebut tepung ketan hitam di pasar ya beli disini aja guys. Recomended, harga bersahabat, pengiriman cepat. Mantap, thanks 👍🙏 0:08 1 nienieng",-
4,nienieng,5,2025-06-06 19:08,"Rasa: enak dibuat bolu Kegunaan: buat bolu ketan hitam ORI dan keju lumer Kualitas: baik Pake tepung ini hitamnya pekat dan legit bgt di buat bolu apalagi klo bolunya sudah suhu ruang. Terima kasih seller, sukses selalu usahanya 0:10 3 raiqa.hijab | Langganan",-
5,Langganan,5,2022-02-05 10:19,Jenis: tepung ketan hitam Harga: murah Kualitas: ok Yuk bantu UMKM kita maju dengan berbelanja di toko ini. Pengemasan sangat baik. Harga ramah di kantong. Kualitas Ok 0:13 4 m*****3,-
6,m*****3,5,2023-06-09 08:42,"Kualitas: sangat baikkk sekali, enak poll dan bakal langganan terus ditoko ini 😍 Cocok Untuk: bolu kukus dan panggang 0:05 4 1 2 3 4 5 ...",-
7,Langganan,5,2022-02-02 12:40,Jenis: Tepung ketan hitam Harga: murah Kualitas: baik sekali terMANTUL lah pokoknya Next pasti order lagi la 0:05 2 3ra43w69o0,-
8,3ra43w69o0,5,2025-08-05 12:41,Rasa: enak banget Tekstur: lembut Kegunaan: cocok buat kue Tepung nya asli bagus banget Enak Kentan hitam nya terasa banget Beda sama tepung yang ditoko toko yang merek….. Terima kasih toko amanah banget deh 0:04 1,-
9,1,5,2022-06-06 17:15,"Sudah dicoba buat bikin bolu ketan hitam dan enak, legit. Terima kasih seller 0:05 7 lianawatihasibuan582",-
10,lianawatihasibuan582,5,2025-06-17 14:03,"Komposisinya 100% beras ketan hitam,alami dan produksi lokal indonesia 0:11 1 k*****i",-
11,k*****i,5,2025-06-08 10:47,"Dbikin bolu ketan hitam hsilx bolu hitam pekat enk tektur kasar , d paking rapi 0:04 2 s*****u",-
12,s*****u,5,2023-05-07 16:22,"Cocok Untuk: bolu ketan hitam Kualitas tepungnya emang bagus, masih baru. Thanks 0:04 1 1 2 3 4 5 ...",-
13,Anonymous,5,2022-06-06 17:15,"Sudah dicoba buat bikin bolu ketan hitam dan enak, legit. Terima kasih seller 0:05 7",-
14,0*****a,5,2022-07-24 13:47,"sesuai pesanan, packing rapih dan aman, pengiriman cepet. terima kasih seller and shopee. 0:05 2 a*****i",-
15,a*****i,5,2025-06-09 13:36,Rasa: pas Kegunaan: pas Tekstur: pas Alhamdulillah paket sudah sampai penjualnya amanah gercep recomended terimakasih banyak ka 0:15 1,-
16,1,5,2022-03-17 14:34,Jenis: bahan buat bikin macam macam makanan Harga: murah Kualitas: sangat baik Pengemasan rapi barang sampai dengan sangat baik Toko nya sangat di anjurkan Terimakasih seller dan shopee 1:00 3 b*****i,-
17,b*****i,5,2022-03-16 09:24,Jenis: kue ketan Harga: suka banget Kualitas: enak banget suka Pengiriman super cepat 0:04 1 perawa1119,-
18,perawa1119,5,2022-04-12 09:10,Jenis: tepung ketan hitam Harga: bagussss Kualitas: semoga bagus Terima kasih barang sudah diterima 0:04 1 d*****a,-
19,d*****a,5,2025-06-20 04:52,"Rasa: lezatt Tekstur: lembut Kegunaan: cocok untuk kue Pengiriman cepat ya min, barang bagus tidak ada yang cacat sama sekali harganya juga tidak mahal. Toko amanah laris manis tanjung kimpul 0:05 1 1 2 3 4 5 6 ...",-
20,Anonymous,5,2022-03-17 14:34,Jenis: bahan buat bikin macam macam makanan Harga: murah Kualitas: sangat baik Pengemasan rapi barang sampai dengan sangat baik Toko nya sangat di anjurkan Terimakasih seller dan shopee 1:00 3,-
21,desisna_10,5,2022-03-04 15:15,Jenis: tepung Harga: affordibel Kualitas: bagus Pengiriman top markotop 👍👍👍👍👍 0:18 1 naynaycucunyaabahhaji | Langganan,-
22,Langganan,5,2022-02-16 11:22,Alhamdulillah paket dah sampai kualitas bagus kurir ramah pengirimanpun ceoat..thanks seller 1 mayhaikal,-
23,mayhaikal,5,2025-07-12 11:54,"Rasa: enak Tekstur: lumayan lembut Kegunaan: cocok untuk bolu Harganya murah, kualitas lumayan bagus dan bagus, nggak ngeres dimulut ketika dimakan , buat yg mau nyari tepung ketan hitam jgn ragu order disini, nex mo order lagi 0:04 2 z*****a",-
24,z*****a,5,2022-06-09 14:28,Jenis: tepung Harga: 6ribuan Kualitas: blm dicoba Terima kasih paket dah sampe komplit ga ada yang kurang kl dah dicoba dan cocok beli lgi.. 0:05 1 riyadiugie,-
25,riyadiugie,5,2026-02-27 01:12,"Tekstur: lembut Rasa: setelah dibikin roti enak tepungnya Rasakan: manisnya pas, sdh mencoba Pesanan kedua kalinya Recommended Pas pesan pertama dibikin roti puas banget sesuai ekspektasi 0:23",-
26,nafingatulum,5,2025-08-25 11:29,"Rasa: enak mantep Tekstur: berpasir tapi lembutt banget Kegunaan: bolu brownies dll Kalian yg mau cobaaa ketan hitam buat bolu dan brownies. Ini enak banged. Hitam hasilnya, rasane enak banget, apalagi berpasirnya lembut, jadi ga yg kasar. Wahh rekomended banget !",-
27,b*****6,5,2025-08-11 15:03,Rasa: enak Tekstur: bagus Kegunaan: membuat kue viral Sudah yg ke dua belanja merk tepung ketan ini sangat enak & tekstur tidak berpasir spt tepung ketan biasa..laris manis 😍 0:05,-
28,Langganan,5,2022-03-04 10:49,Jenis: tepung ketan Harga: murah Kualitas: ok Tepung ketan nya sudah sampe ok makasih👍👍 0:04 1 ella150578,-
29,ella150578,5,2022-03-29 15:47,"Jenis: bagus Harga: ok Kualitas: ok Alhamdulillah ketah hitamnya sudah datang, kualitasnya bagus, tidak mengecewakan, pokoknya top bgt...,.....? 0:06 2 lalaajj123",-
30,lalaajj123,5,2022-03-28 22:17,Kualitas: bagus Jenis: keta hitam Harga: terjangkau Pengiriman cpt harga terjangkau sesuai dengan pesanan 1 tsaulah,-
31,tsaulah,5,2022-04-09 20:32,Jenis: tepung Harga: terjangkau Kualitas: smga bagus Alhamdulillah sudah di terima dg baik 0:07 1 i*****y,-
32,i*****y,5,2025-06-08 19:55,"Klo dilihat dari tekstur nya tepung ketannya kualitas bagus, tdk menggumpal, cuma di pengiriman agak lumayan lama, pas aku chat ke penjual krn kehabisan stok produksi. Mungkin krn tep ketan hitam akhir2 ini lg viral buat cake ketan hitam lumer. Smoga pas dicoba buat cake hasilnya bagus 1 1 2 3 4 5 6 7 ...",-
33,Langganan,5,2022-03-17 11:09,Jenis: Tepung ketan Harga: Murah Kualitas: Bagus Barang sudah sampai..Pesenan ku yang ke 2× nya.. Sukses terus buat tokonya🙏 0:08 3 binbul3026,-
34,binbul3026,5,2026-04-15 07:40,Tekstur: suka karena teksturnya tidak berpasir Rasa: enak & manis tidak dicampur2 original ketan hitam Rasakan: manis gurih Saya pakai tepung ini buat jualan kalo ada pesanan2 . Trima kasih seller dikirim dgn aman sampai tempat 0:05,-
35,kaniasukmayanti,5,2023-06-01 12:05,"Cocok Untuk: bolu dan kue Kualitas: bagus Sudah dipakai membuat bolu dan hasilnya bagus, pengemasan jg baik pakai bublewrap 👍 0:05 1 augustien8",-
36,augustien8,5,2025-08-09 19:58,"Rasa: ketan hitam Tekstur: lembut Kegunaan: bahan dasar kue Pesanan sdh diterima dg baik dikemas rapi dan aman, sesuai pesanan proses order dan kirimnya cepat, terima kasih 🙏 0:04",-
37,r*****m,5,2025-06-20 17:09,Rasa: lwzat Tekstur: lembut Kegunaan: kueee enak qangiii lagii😭💗 jangan ragu oder gusyyyy 0:04 2 juhartiyah,-
38,juhartiyah,5,2025-06-23 11:14,Rasa: sangat enak khas beras hitam Tekstur: memiliki tekstur yang bagus dan warna yang sangat hitam Kegunaan: cocok untuk membuat bolu ketan hitam yang virall mantap 0:05 1 1 2 ... 4 5 6 7 8 ...,-
39,c*****i,5,2022-04-21 18:05,"Packaging paketnya aman, pake bubble wrap. Seller ramah. Harga terjangkau. Belum dicoba buat bikin kue, semoga hasilnya bagus. Thanks kak 1 d*****t",-
40,d*****t,5,2022-04-26 16:47,"Belum dicoba, semoga bagus dibikin kuenya. Jumlah pesanan sesuai. 0:04 1 m*****3",-
41,m*****3,5,2023-06-22 22:37,Cocok Untuk: bolu panggang dan bolu kukus Kualitas: sangat baik sekali ini beneran enak loh 😍 1 k*****a,-
42,k*****a,5,2025-06-24 00:17,Rasa: enak Tekstur: memiliki tekstur yang bagus Kegunaan: untuk membuat kue Aku pake untuk jualan ketan hitam keju lumer dan hasilnya bagus next order lagi 🤗 semoga usahaku makin banyak yang beli amiinn..🥰🥰 0:08 1 k*****d,-
43,k*****d,5,2023-03-05 15:14,Kualitas: belum dicoba Cocok Untuk: bolu ketan hitam Pengemasan dan pengiriman cepat sekali. Terimakasih seller. Semoga berkah. Aamiin 0:05 3 r*****h,-
44,r*****h,5,2022-07-02 15:05,Pesanan lengkap.. Pengemasan baik.. Pengiriman standart.. Makasih ya.. 0:04 1 1 2 ... 5 6 7 8 9 ...,-
45,inovey,5,2025-06-21 14:03,Pertama kali coba produk ini. Dikirim dan sampenya cepat. Mgkn lebih baik dilapis kardus atau bubble wrap supaya ga mudah kerobek. Ini ada yg kerobek sedikit jd kalo plastikny dilepas ada yg keluar2 bubuknya. Udh dipake hasilnya bagus 👍🏼 0:08 1 z*****6,-
46,z*****6,5,2025-06-18 22:17,Rasa: pas di lidah 😛 Tekstur: memiliki tekstur yang bagus Kegunaan: cocok untuk membuat kue yang lezat 0:04 1 dwiriy19,-
47,dwiriy19,5,2025-08-09 10:22,"Love sekebon bgt sm tepung ketan hitam ini! Warnanya cantik rasanya tepung ketan item bgtttt, Terimakasih ya Pk/bu telah menciptakan tepung ini😘🤗 0:11",-
48,l*****h,5,2025-07-18 14:24,Rasa: enak Tekstur: lembut Kegunaan: cocok untuk membuat kue bolu barang nya oke banget sesuai sama pesanan 0:17 1 tba.pku,-
49,tba.pku,5,2025-08-26 15:13,"Rasa: enak setelah dibuat jadi kue Tekstur: halus Kegunaan: membuat aneka makanan Recommended, tepungnya halus 0:09",-
50,6666hafsah,5,2022-08-09 19:17,Alhamdulillah barang sudah sampai dengan cepat dan amanah terima kasih kepada shoppee toko online nya juga buat jasa pengiriman barang nya yang super keren sukses terus buat semua nya yaaaaaaaaaaaaaaaaaa 0:04 1 1 2 ... 6 7 8 9 10 ...,-
51,stefaniephiu,5,2023-04-04 13:48,Cocok Untuk: kue Kualitas: bagus Pengemasan rapi... pengiriman juga cepat..belum tau rasanya..Karna baru coba...KLO enak akan repeat order LG ..thx 1 m*****s,-
52,m*****s,5,2025-07-11 21:49,Rasa: lezat Tekstur: bagus Kegunaan: untuk adonan kue bolu Pack aging nya bagus shg kualitas produk nya terjaga 0:16 1 fitriaulya733,-
53,fitriaulya733,5,2025-06-22 14:38,"Rasa: rasanya sangat lezat dan istimewa, memiliki tekstur yang lembut, cocok untuk membuat kue tepung ketan lumer yang lagi viral 0:22 1 juhartiyah",-
54,juhartiyah,5,2025-07-15 09:37,Rasa: memiliki citarasa yang lezat Tekstur: memiliki tekstur yang bagus Kegunaan: cocok untuk membuat kue ketan hitam virall Mantap selalu beli di sini si 0:04 1 lilislisdaliawati,-
55,lilislisdaliawati,5,2022-09-13 07:30,"Kualitas: baik Cocok Untuk: bolu Kualitas baik, harga murah, pengemasan baik, pengiriman cepat, best seller 0:06 1 gitadp",-
56,gitadp,5,2025-06-09 14:05,Rasa: enak 100% tepung ketan hitam Kegunaan: bolu brownies dll Tekstur: lembut enak Baru sampai langsung eksekusi ternyata rasanya enak beneran tepung ketan hitam asli..makasih seller 1 1 2 ... 7 8 9 10 11 ...,-
57,muslimahday,5,2026-01-12 09:29,"terimakasih seller, barang diterima sesuai pesanan tadinya pilih tepung ini karena ada yang kasih penilaian bahwa enak tekstur tepung nya berpasir tapi ternyata setelah dicoba, bolunya tidak berpasir :( terimakasih expedisi, barang diterima dengan selamat 0:04",-
58,liviacicidahlia,5,2026-03-01 08:04,"Tekstur: lembut Rasa: ketan Rasakan: ketan Recommended. Produk bagus, original , kualitas nya bagus, harganya murah karena dpet voucher besar dari Shopee. Paling seneng war vouchee2 Shopee karena dpet hrga sangat murcee makasih 0:05",-
59,s*****2,5,2025-12-10 12:10,Pembelian kedua karena sebelumnya udah pernah beli dan rasa bolunya enak banget. Bahkan sampe temenku nanyain kapan bikin bolu ketan hitam lagi xixixi 0:07 1 e*****y,-
60,e*****y,5,2025-06-18 20:09,"Rasa: Enak Tekstur: Lembut tidak berpasir Kegunaan: Cocok untuk membuat bolu ketan, warnanya hitam pekat Dikemas dengan aman jadi tidak takut bocor, lapisan 1 plastik bertuliskan warning fragile, lapisan 2 menggunakan bubble wrap, lapisan 3 menggunakan plastik bening. 2 d*****5",-
61,d*****5,5,2025-08-08 17:47,Rasa: enak Tekstur: lembut Kegunaan: kue Pengiriman cepat packaging aman terimakasih seller kurir dan shopee 0:05,-
62,shanum_1819,5,2025-06-09 13:56,Rasa: baik Kegunaan: cocok buat kue Tekstur: lembut Tepung ketan hitam nya bagus pengemasan baik ekp Desember nanti 0:08 1 1 2 ... 8 9 10 11 12 ...,-
63,miftanianieya,5,2025-08-08 11:44,Rasa: Ketan hitam Tekstur: bagus Kegunaan: Buat kue Mantap ne sesuai rasanya jg enak trima kasih bnyk 0:05,-
64,a*****2,5,2025-08-25 13:46,Rasa: enak Tekstur: seperti tekstur tepung ketan pada umumnya Kegunaan: cocok untuk bolu ketan hitam 0:04,-
65,s*****a,5,2025-06-19 09:57,"Rasa: enak legit khas ketan hitam Tekstur: halus tapi butiran.a masih terasa karena mungkin di oven tepung.a Kegunaan: membuat cake Rasa.a enak legit, kenyal khas ketan hitam, warna.a juga cantik pekat, karena ini tepung full oven jadi walau dikukus butiran.a masih aga terasa tp ttp ok bukan yg berpasir gimana gitu 3 dwiriy19",-
66,dwiriy19,5,2025-08-09 10:25,Rasa: kaya rasa dan legit Tekstur: lembuttt dan nyaman di mulut Kegunaan: cocok bust bolu ketan hitam bapak ibu Terimakasih yaaa udah ciptain ini 0:11,-
67,n*****1,5,2025-08-27 22:49,"Maaf kelupaan baru memberikan ulasan. Barang keterima dalam keadaan baik, packingnya safety 0:16",-
68,q2woxx75nc,5,2025-07-28 13:34,"Rasa: rasanya enak dan memuaskan Tekstur: memiliki textur yg bagus Kegunaan: cocok untuk membuat kue Barang cepet datang,  kemasannya bagus tidak ada yang bocor atau sobek, semoga kueku makin laris 0:05 1 1 2 ... 9 10 11 12 13 ...",-
69,sitinuranisukmayanti,5,2025-06-20 08:28,"Rasa: enak,empuk,wangi ketan'y berasa.pertahankan kualitas ya kak. Orderan yg ke dua, order 3pc tp dikirim 2pc. Tp alhamdulillah seller'y gercep lngsung refund kekurangan'y.. Mkasih byk ya kak,semoga slalu dilancarkan usaha'y....aamiin 1 r*****y",-
70,r*****y,5,2025-08-13 08:13,"Packingaan rapi, produk aman sampai tujuan. Dapet harga promo 8 8. Kali pertama beli  semoga enak rasanya. Terima kasih seller 0:30",-
71,irmana1981,5,2025-08-15 23:33,"Rasa: pas Tekstur: lembut Kegunaan: untuk bahan kue makasih tepung ketan ny sudah smp, kualitas bagus ..hrg terjangkau .. pengiriman cepat packing rapi.. makasih reseller👍🏻 0:07",-
72,dwiriy19,5,2025-08-09 10:24,"Rasa: enak bgt legit Tekstur: teksturnya ringan Kegunaan: cocok untuk bolu ketan hitam🥰💸 Aku suka bgt sama warnanya, warnanya tuh dapet bgt💕",-
73,j*****i,5,2025-08-01 14:24,Rasa: baru mau coba semoga enak Tekstur: sangat lembut Kegunaan: cocok untuk membuat berbagai macam kue 0:04,-
74,aam.amalia67,5,2025-07-20 15:28,Ke 2x nya beli tepung ketan disini. Tepungnya lembut harum dan tidak masir di bolunya. Pokoknya enak. 1 1 2 ... 10 11 12 13 14 ...,-
75,i*****i,5,2025-07-07 07:15,Rasa: belum dicoba semoga enak Tekstur: memiliki tekstur yang halus Kegunaan: cocok untuk membuat kue belum dicoba semoga enak dan kadaluarsa nya juga masih jauh 1 tahun 0:08 1 m*****9,-
76,m*****9,5,2025-06-21 13:49,"Cocok Untuk: bahan kue Kualitas: bagus Alhamdulillah paket sampai dengan selamat,,, packing nya pun aman terimakasih 0:07 1 a*****2",-
77,a*****2,5,2025-07-16 00:45,"Rasa: enak Tekstur: tekstur khas tepung ketan hitam, kres kres Kegunaan: untuk membuat bolu kukus Saran aja kalo bisa bubble wrapnya jangan cuma selapis (atau dilapis kardus disalah satu atau dua sisinya) kena cutter dikit auto ambyar kemasan plastiknya makasih 🙏 0:07 1 laras.trisnanti",-
78,laras.trisnanti,5,2025-06-06 18:29,"Dibikin bolu jd bagus. Lembut, ngembang sempurna. Menul² banget gais... Dukung UMKM🥰 2 ikketheaa | Langganan",-
79,Langganan,5,2022-03-05 12:18,Paketnya sampai mksih seller dan kurir🙂 0:07 1 ucial_07,-
80,ucial_07,5,2025-07-09 19:48,Rasa: enakk dan puass Tekstur: haluss tidak kasar Kegunaan: cocok bangett buat boluu Orderr ke2× nya😍😍 1 1 2 ... 11 12 13 14 15 ...,-
81,Langganan,5,2022-03-05 12:18,Paketnya sampai mksih seller dan kurir🙂 0:07 1,-
82,tetisoleha,5,2025-07-12 00:01,"Rasa: tawar Tekstur: lembut Kegunaan: untuk kue bolu Kemasan aman , dr segi harga juga muraj dibanding yg lain , pengiriman cepat dan kwalitas ok 0:09 1 m*****3",-
83,m*****3,5,2023-08-06 15:42,Cocok Untuk: bolu kukus dan bolu panggang Kualitas: sangat baik sekali 1 r.andini.p,-
84,r.andini.p,5,2025-06-21 09:30,"Cocok Untuk: kue bolu Barang sampai dgn aman ga, nyru tepung ketan hitam susah bgt pada mahal2 dsni masih agak terjangkau 0:07 1 juhartiyah",-
85,juhartiyah,5,2025-06-21 09:48,Cocok Untuk: buat kue ketan hitam viral Kualitas: sangat bagus warnanya sangat hitam bagus banget buat bikin bolu ketan hitam viral 0:04 1 dwiriy19,-
86,dwiriy19,5,2025-09-12 20:39,Ini ketan terbaik bener deh aku suka banget cocok buat bolu aku sukaaa 0:04,-
87,wulanmeilani015,5,2025-07-19 10:50,Rasa: pas Tekstur: halus Kegunaan: cocok tuk bikin kueh 0:10 1 1 2 ... 12 13 14 15 16 ...,-
88,stellafelicia420,5,2025-08-02 11:56,Rasa: pas di lidah dan tidak terlalu manis Tekstur: memiliki tekstur yang bagus Kegunaan: cocok untuk membuat kue yg lezat 0:28,-
89,y*****y,5,2025-07-27 21:21,"Rasa: enak Tekstur: lembut Kegunaan: cocok untuk dibuat kue Alhamdulillah pesanannya sudah sampai,barangnya sesuai pesanan,cocok untuk dibuat bolu ketan 0:06",-
90,sieklie540111,5,2025-12-09 09:24,Rasa: tepung ketan hitam untuk bikin kue belum di coba semoga enak kue nya sesuai selers 0:04,-
91,a*****a,5,2025-07-09 10:33,"Produk seperti diskripsi, peoduk tdk rusak saya terima. Terima kasih 1 yellysany",-
92,yellysany,5,2025-07-17 15:22,Rasa: ketan hitam Tekstur: bubuk Kegunaan: bikin bolu Sudah chat admin minta dikirim pakai dus takutnya pecah atau sobek tapi ternyata dikirim ga pakai dus untungnya aman ga DA yg bocor 0:14 1 nabilaazra_11,-
93,nabilaazra_11,5,2025-06-09 01:42,"Rasa: memuaskan enakk Kegunaan: cocok untuk bolu Tekstur: lembut, tidak terlalu berpasir Penjual responsif, barang juga cepat sampai, rasanya enak, teksturnya bagus 2 1 2 ... 13 14 15 16 17 ...",-
94,d*****l,5,2025-06-21 13:32,Cocok Untuk: makanan Kualitas: ok Alhamdulillah sudah sampai pesanan saya. Anak saya suka sekali. Bagus sekali. Barakallah. Recomended seller. 0:06 1 w*****g,-
95,w*****g,5,2025-07-14 20:50,Rasa: memuaskan Tekstur: lembut Kegunaan: untuk kue Terimakasih semoga cocok untuk buat kue . Mudah mudahan beli kembali . Terimakasih 0:06 1 herawardana,-
96,herawardana,5,2025-06-11 07:57,Rasa: mantap Kegunaan: cocok untuk membuat Kue Tekstur: sangat Halus 1 s*****l,-
97,s*****l,5,2022-10-04 06:16,"Kualitas: lumayan Cocok Untuk: kue bolu, putu ayu Alhamdulillah sudah sampai, untuk packing mohon ditingkatkan lagi soalnya masih pakai plastik depany 0:10 2 kasringga",-
98,kasringga,5,2022-03-24 17:18,"Jenis: ketan hitam Harga: murah Kualitas: Belum tau Sudah sampe tepung nya, packing an nya aman banget, di pakek in bubble wrap,, datang sesuai pesanan , 2 bungkus, tapi yg satu bungkus ada lubang kecil, jadi sedikit buyar tepung nya pas di buka tadi, tp ngk pp deh. Terima kasih 0:13 1 anggi_fitriana | Langganan",-
99,Langganan,5,2022-02-19 07:02,Jenis: bubuk ketan hitam Harga: murah Kualitas: baik 1 1 2 ... 14 15 16 17 18 ...,-
100,t*****9,5,2025-11-21 16:17,"Pesanan sudah sampai kk. Terimakasih. Terlihat kualitas nya bagus. Baru mau coba, smoga hasilnya memuaskan.",-
101,mianurmafiani,5,2025-06-23 12:10,"Paket sudah sampai dengan keadaan baik, terimakasih 0:13 1 c*****d",-
102,c*****d,5,2025-08-07 10:24,Pengirimannya cepat packingannya aman pake bubble. Mau bikin bolu ketan hitam smoga jadi,-
103,l*****i,5,2025-11-21 08:26,"Rasa: enak Tekstur: lembut Kegunaan: cocok untuk kue Alhamdulillah paket sdh sampai, pengiriman cpt, packing rapi, hrga oke dan realpict. Terimakasih seller",-
104,wetriyputri,5,2025-08-30 22:02,"Desain sangat menanrik dan bagus, ukuran pas dan sesuai, kualitas bagus dan memuaskan 0:04",-
105,i*****4,5,2025-11-14 17:57,Rasa: enak Tekstur: lembut Kegunaan: untuk membuat bolu ketan hitam Alhamdulillah dapet harga murah pas 11.11.. Pengiriman cepat.. Rasa enal,-
106,l*****i,5,2026-01-22 08:39,"Rasa: enak Tekstur: bagus Kegunaan: untuk kue Alhamdulillah paket sdh sampai, pengiriman cpt, packing rapih, hrga oke dan realpict. Terimakasih seller",-
107,aripinbuana,5,2022-04-06 12:52,Alhamdulillah paket sudah diterima pengiriman barang cepat barang sesuai pesanan kurir ramah 1 fitriaevisriwianti,-
108,fitriaevisriwianti,5,2025-06-17 08:01,"Mudah mudahan ketan hitam asli...sesuai harga lah,,,makasih 1 jendelabukushop",-
109,jendelabukushop,5,2026-01-06 13:08,Rasa: Lumayan Tekstur: lembut Kegunaan: cocok untuk ketan hitam Buat pemula cocok untuk jualan ketan hitam 0:04,-
110,y*****u,5,2025-09-04 14:05,Rasa: tawar blm diolah Tekstur: halus Kegunaan: untuk membuat kue Semoga bisa menjadi langganan. Untuk membuat kue tepung ketan hitam. 0:24,-
111,r*****s,5,2025-07-19 10:50,"Kegunaan: untuk ketan hitam Mantap, barang aman sampai tujuan, langganan di toko ini, terimakasih seller 0:04 1 1 2 ... 16 17 18 19 20 ...",-
112,ikketheaa,5,2022-04-28 20:55,Jenis: tepung Harga: lumayan Kualitas: okee Rencana mau bikin kue pas mudik nnti d sanah..mksih seller dan kurir🙂 0:22 1 m*****8,-
113,m*****8,5,2025-07-10 12:20,"Alhamdulillah barangnya sampai dengan dengan selamat dan barang yang datang sesuai pesanan saya , paking nya aman dan rapih. 1 w*****a",-
114,w*****a,5,2022-07-21 19:23,Kualitas: ok Cocok Untuk: saya Sesuaiiiii murahhh 1 lustyto_hermawan,-
115,lustyto_hermawan,5,2025-09-12 19:46,alhamdulillah paket sudah datang pgiriman cepat pgemasan rapih 0:05,-
116,a*****a,5,2025-08-07 15:00,"Kegunaan: untuk membuat kue Di offline nyarinya agak susah, baru mau coba semoga hasilnya memuaskan👍👍",-
117,kimling19,5,2025-06-07 09:47,"Rasa: belum tahu Kegunaan: roti Kualitas: belum tahu baru coba Pesanan sudah saya ambil , ednya tidak jelas /tidak ada , kode produksinya juga tidak ada, packing baik 1:01 1 1 2 ... 17 18 19 20 21 ...",-
118,a*****n,5,2026-02-28 19:47,"Tekstur: ok Rasa: ok Rasakan: ok terima kasih kakak seller, paket sudah sampai di rumah dengan baik, aman, lengkap, cepat, Alhamdulillah... 0:08",-
119,Langganan,5,2022-04-11 22:14,Jenis: tepung Harga: murah Kualitas: bagus Sekian kali nya beli di sini Masih aman aja sih 0:21 1 k*****6,-
120,k*****6,5,2022-08-31 21:23,"Alhamdulillah paket udah nyampe tadi sore, maaf baru bisa kasih ulasan. Thanks seller, bang kurir dan shoppe 0:04 1 nindy.ps",-
121,nindy.ps,5,2022-05-29 15:49,sesuai pesanan.. sesuai gambar.. terimakasih 0:23 1 selaisegar,-
122,selaisegar,5,2025-06-22 21:36,"Salah variant, harusnya satunya tepung sagu tp yaudah lh 1 indhiera",-
123,indhiera,5,2025-07-28 14:51,Rasa: ketan hitam Tekstur: halus Kegunaan: utk kue Okeee 1 1 2 ... 18 19 20 21 22 ...,-
124,franiko88,5,2025-09-14 02:11,Makasih shopee buat diskonnya jadi bisa beli barang ini deh 0:04,-
125,franiko88,5,2025-09-14 02:14,Makasih shopee buat diskonnya jadi bisa beli barang ini deh 0:05,-
126,bunda_astrii,5,2025-08-08 14:36,Rasa: gak begitu pro sih Tekstur: masih kasar Kegunaan: kue ketan Rasanya terlalu organik jd berasa kerasa sekali berasnya 0:05,-
127,i*****y,5,2025-07-12 21:19,"Niatnya mau bikin bolu ketan, tapi belum juga, hahaha... karena takut susah nyari di toko2, akhirnya beli online, deh. 0:07 1 wetriyputri",-
128,wetriyputri,5,2025-08-30 22:03,"Desain sangat menanrik dan bagus, ukuran pas dan sesuai, kualitas bagus dan memuaskan 0:04",-
129,n*****h,5,2025-07-11 14:45,Terima kasih Seller pesanan sudah diterima dengan baik 🙏🏼👍🏼 1 1 2 ... 19 20 21 22 23 ...,-
130,joewitajoewita387,5,2025-10-22 17:41,Alhamdulillah paketannya sudah sampai..pengiriman cepat..packing aman..ga ada kebocoran..harga murah..toko amanah..makasih seller..makasih shopee..makasih abang kurir 0:27,-
131,s*****1,5,2025-08-02 00:12,"Rasa: belum dicoba Tekstur: belum dicoba Kegunaan: bolu kukus belum dicoba , semoga berhasil buat bolu ketan hitam, terimakasih seller semoga sukses selalu seller 0:08",-
132,tya_samsuri,5,2025-07-07 17:06,Rasa: ketan Tekstur: halus Kegunaan: u kue Paket sdh di terima. Mkasih seller n kurir... 1 r*****s,-
133,r*****s,5,2025-07-19 10:49,"Mantap, barang aman sampai tujuan, langganan di toko ini, terimakasih seller 0:04 1 bittersweet.cake | Langganan",-
134,Langganan,5,2022-04-19 05:55,Barang oke harga sesuai kualitas pengiriman cepat sesuai.. maaf foto ga bisa sesuai ..... 0:05 1 r*****s,-
135,r*****s,5,2025-07-30 15:07,"Mantap, repeat order disini, karna amanah & pengiriman cepat. Terimakasih banyak seller 0:04 1 1 2 ... 20 21 22 23 24 ...",-
136,m*****h,5,2025-06-18 07:20,Rasa: rasanya enak dan lembut Tekstur: masih ada kaya berpasir GT tapi GK bikin seret 1 x8mcx0cjay,-
137,x8mcx0cjay,5,2025-08-01 12:20,"Terima kasih sudah sampai , exp panjang ..Cocok buat bolu 0:04",-
138,h*****r,5,2025-06-09 14:35,Rasa: ketan hitam Kegunaan: cocok untuk membuat bolu ketan hitam Tekstur: halus dan lembut 0:14 1 gitadp,-
139,gitadp,5,2025-10-28 06:29,"Rasa: sanagat enak mungkin karna tepungnya ada proses oven Tekstur: lembut Kegunaan: bolu kukus Ke 4 kali beli emang rasanya beda sama yg biasa dipasaran, ini teksturnya lebih lembut dan enak",-
140,t*****d,5,2025-06-06 12:25,"iseng beli merk ini karena merk sebelah kosong , ternyata enak gaes , tidak berpasir dan warna hitam pekat. rekomen 👍🏼 1 n*****y",-
141,n*****y,5,2025-07-07 18:59,Pesanan mendarat dengan baik dan cepat Terimakasih banyak yah kakak .. Next order disini lagii ..😊 0:06 1 1 2 ... 21 22 23 24 25 ...,-
142,yandiyandhi,5,2025-06-06 12:28,"Datang langsung eksekusi, tepung ketan item nya bagus, Hasil nya jdi kya brownies item banget, wangi lagi 1 l*****3",-
143,l*****3,5,2025-06-09 09:30,"Kegunaan: untuk membuat kue Tekstur: tepung Pengiriman agak lama, tidak ada kode produksi maupun exp date 0:04 2 y*****i",-
144,y*****i,5,2025-07-23 15:11,"Pengemasan rapi pengiriman cepat barang dan jumlah sesuai pesanan,harga mirah,makasih banyak 0:13",-
145,a*****i,5,2025-06-19 18:01,0:04 1 n*****2,-
146,n*****2,5,2025-07-29 12:17,Alhamdulillah paket sudah sampai di rumah. Tidak ada yang rusak. Pengingiman aman. Cepat juga. Harga nya murah. Aroma ketan dari tepung nya kuat banget ya Bun. Beli ini karena fomo pengen buat bolu ketan keju lumer. Dan. Berhasil. Terimakasih. 1 w*****l,-
147,w*****l,5,2026-05-02 14:40,"Cocok buat masak kue keran hitam kukus.. Warna hitamnya pas, rasa ketan hitamnya dapat dan nggak ada after taste aneh aneh.. Gas kalau mau beli..",-
148,a*****i,5,2025-06-19 18:01,0:04 1,-
149,priscillawen,5,2025-12-24 11:17,Rasa: khas ketan hitam Tekstur: berpasir Kegunaan: bolu Suka d sesuai harga.,-
150,l*****v,5,2025-06-11 00:49,Rasa: berasa ketannya Kegunaan: cocok untuk membuat kue Tekstur: lembut pesen ini buat nyoba yg lagi virallll 1 nandarafflesiagunodihardjo,-
151,nandarafflesiagunodihardjo,5,2025-07-13 11:00,"Bagus, warna hitam, rasa ketan bagus, tepung ketan bersih, 1 amhsnh23",-
152,amhsnh23,5,2022-06-07 07:53,"Kualitas: bagus banget dibikin kue ga bantat, rasanya enak murni ketan hitam asli 1 p*****s",-
153,p*****s,5,2025-06-20 15:43,Semoga hasilnya bagus buat bolu ketan kukus Update Penilaian Enakk mantab 1 faizannisas,-
154,faizannisas,5,2025-06-14 15:37,hasil kue pake tepung ini sangat mantap 1 1 2 ... 23 24 25 26 27 ...,-
155,faizannisas,5,2025-06-14 15:37,hasil kue pake tepung ini sangat mantap 1,-
156,fania.2011,5,2025-06-28 16:05,"alhamdulilah sudah sampai... nanti kalau sdh dibikin kue, sy upload lagi.. tq 1 rara.marliany",-
157,rara.marliany,5,2025-06-19 08:37,"Pengiriman lumayan cepat cm 2 hari,barang d bungkus aman,blm d coba untuk rasa mudah² an tepungnya enak,thanks seller 1 prilly.aulia",-
158,prilly.aulia,5,2025-06-19 15:58,"Rasa: blm tau Tekstur: lembut Kegunaan: untuk kue Belum tahu untuk rasa atau gimananya,soalnya blm dicobain 0:05 1 satrianurjagat",-
159,satrianurjagat,5,2022-02-07 00:50,1 leniprastyanii,-
160,leniprastyanii,5,2025-11-13 09:37,"Rasa: enak Tekstur: bagus Kegunaan: untuk kue Alhamdulillah paket sdh sampai, pengiriman cpt, packing rapi, dpt potongan hrga, realpict dwn udh aku coba ternyata enak, cocok bgt buat bolu ketan teksturnya jg lembut ga bgtu berpasir kyk tepung ketan merk lain. Terimakasih seller",-
161,Langganan,5,2022-05-25 16:08,1 1 2 ... 24 25 26 27 28 ...,-
162,aw389d478a,5,2025-12-15 20:06,Tepungnya murah meriah tapi mantul tidak kalah sama yang harganya lebih mahal top markotop mudah-mudahan banyak yang order bolu di aku dan aku kalau order tepung terus di situ thank you seller 0:14,-
163,55e6efb8ai,5,2025-09-04 12:22,"Rasa: pas Tekstur: baik Kegunaan: cocok utk kue Terimakasih seller amanah paket sampai dgn cepat, bahannya bagus pas dan cocok buat aneka kue, tepung lembut dan baik all the best 👍🏻👍🏻👍🏻",-
164,mayawirda14,5,2025-06-18 14:44,Bolunya jdi enaakk... wangi jga tepungnya... recommended pokoknyaa 1 e*****i,-
165,e*****i,5,2025-11-05 09:00,Rasa: lezat Tekstur: lembut Kegunaan: bikin bolu kukus ketan hitam jd uenaaakk pake tepung ini,-
166,aziezharr,5,2025-07-27 21:35,Rasa: Iri saya bikin bolu ketan pakai ini jadi enakkk,-
167,d*****4,5,2026-02-11 21:28,Tepung ketan hitam atau keju manis ya mas wkwk tapi kalo yg lain kurang suka yg ini sih wkwk aku juga pernah beli di pasar gitu sih tapi,-
168,rintisayi,5,2025-07-11 07:25,"Tekstur: lembut Kegunaan: u/ bolu dll Blm d cb ...in syaa Alloh enk, udah lm gk bkin bolu ketan item 0:04 1 aasahmadbasit",-
169,aasahmadbasit,5,2025-07-31 13:52,Rasa: enak Tekstur: lrmbut Kegunaan: buat keue keyan hitam yg lembut dan gurih 1 salimbakhtiar368,-
170,salimbakhtiar368,5,2026-01-31 16:40,Rasa: rasanya enak Tekstur: teksturnya lembut ada krenyes2nya Kegunaan: untuk bolu atau brownis ketan hitam Alhamdulillah mendarat dengan selamat Recommended banget👌,-
171,yanti_kumasih,5,2026-01-30 19:17,"Rasa: enak Tekstur: lembut Kegunaan: buat kue pengiriman cepat tetapi tdk safety , kualitas bagus, harga standar mohon packing yg safety pecah 1pcs bocor 1pcs 0:14",-
172,ibunatikafakhri,5,2022-03-04 11:52,Packing supercepat dan rapih Kualitas produk oke ssuai deskripsi Pngrimanny cpt bnget 👍👌 1 ze0s_styhc,-
173,ze0s_styhc,5,2025-10-16 14:08,Rasa: lezat dan memuaskan Tekstur: halus Kegunaan: untuk membuat kue Alhamdulillah. Dapat tepung ketan hitam original dengan harga murah. Aromanya wangi banget. Khas ketan hitam. Ini mau beli lagi. Pelanggan ku pada suka. Terimakasih ya.,-
174,m*****h,5,2025-10-29 20:34,Rasa: enak dan kenyal Tekstur: memiliki tekstur yg beda dr yg lain LBH lembut tp msha da tekstur khas ketan hitam nya Kegunaan: cocok untuk bikin bolu,-
175,Langganan,5,2022-03-24 15:02,Jenis: tepung Harga: murah Kualitas: bgus Ini hasil dari tepung pulut hitam nya ya Makasih seller 3 falichanura,-
176,r*****0,5,2025-07-17 16:31,1 arapungki.cantik,-
177,arapungki.cantik,5,2025-07-12 14:41,1 1 2 ... 27 28 29 30 31 ...,-
178,stevenpranoto2,5,2025-06-19 18:40,Barang diterima baik dan sesuia pesanan...pengiriman cepat.... 0:07 1 septiarisandi,-
179,septiarisandi,5,2025-08-06 14:33,"udah kedua kalinya order tepung ketan disini dan menurut saya jauh lebih enak dr tepung ketan yg biasa aku pakai beli di toko bahan kue, dan warnanya juga hitam pekat pas di jadikan bolu, jadi lebih menarik masyaAllah banget Allah kasih jalan saya untuk belanja di seller inih semoga selalu konsisten..aamiin",-
180,l*****8,5,2025-07-20 18:00,"Update Penilaian Bagus bget hasil nya hitam pekat,,rasanya juga enak Mantapp 👍👍👍 1 f*****6",-
181,f*****6,5,2025-06-10 10:49,Rasa: enak lezat Kegunaan: bikin bolu Tekstur: lembut Terima kasih seller sudah dikirim dengan baik dan benar serta tidak ada yang minus sedikit pun dan harga juga terjangkau 1 tesataniabdj,-
182,tesataniabdj,5,2025-08-25 20:58,Rasa: tepung Tekstur: lembut Kegunaan: buat kue,-
183,r*****i,5,2025-12-21 18:16,"Order ke 2 kali.. Rasanya ketam hitam asli, enak berpasir 😋",-
184,tyanuken123,5,2022-04-15 07:59,Jenis: Cap bummi Harga: Lumayan Kualitas: Belum dicoba 1 muhammadashfiyanur,-
185,muhammadashfiyanur,5,2025-12-07 17:34,Halus dan lembut hitam juga klo jd nya 0:32,-
186,l*****a,5,2025-12-09 20:06,"Tepung ketannya halus dan bersih, kualitas bagus. Cocok banget buat bikin kue tradisional. Pengiriman cepat dan packing rapi. Barang sesuai deskripsi, tepung masih fresh dan tidak menggumpal. Hasil masakan jadi lebih lembut dan pulen. Recommended seller!",-
187,ismi_sw16,5,2025-06-09 11:15,Rasa: enak2 aja Kegunaan: buat kue Tekstur: seperti ada bulir2nya Enakk Ga apek Bolu after matang jiga jadi warna hitam  baguss Pandai2 aja kita yy masak 1 joeddtania,-
188,joeddtania,5,2025-06-08 14:50,Rasa: enak Kegunaan: mantap Kualitas: ketan hitam asli gurih mantap terimakasih bgt ya jgn ragu beli disini 1 1 2 ... 29 30 31 32 33 ...,-
189,nulmahbeby,5,2025-07-12 17:33,Rasa: baik Tekstur: baik Kegunaan: bikin kue Alhamdulillah mendarat dengan selamat sempurna dan lengkap tidak ada komentar jelek 1 taufikdago | Langganan,-
190,Langganan,5,2022-04-22 16:19,harga murah kualitas oke buat bikin bolu enak dan cepat sampai 1 il1arahja2,-
191,il1arahja2,5,2025-11-05 18:08,"Kegunaan: cocok untk membuat kue Baru pertama kli beli n blm d coba recook,lgsg psn 2 donk",-
192,r*****n,5,2023-06-10 07:38,1 f_bpxo_0bz,-
193,f_bpxo_0bz,5,2025-11-19 12:49,"Rasa: rasa yang crenyes2 Tekstur: masih ada rasa ketan kasar2 Kegunaan: cocok Sudah buat kwe,,ada rasa ketan yang kreyes... tekstur kasar dikit,,beda sama tepung ketan putih ya( Alus lembut lumer)",-
194,vinisriruhiman,5,2025-06-13 18:14,"Rasa: enak wangi Tekstur: halus Kegunaan: untuk bikin bolu Hasil warnanya bagus, hitam pekat 1 1 2 ... 30 31 32 33 34 ...",-
195,defriyanti450,5,2025-06-18 18:18,Packingan sangat aman.. Dr bentuk nya bahus good quality.. Tdk tahu rasanya,-
196,tikamaliyatul,5,2022-04-14 11:14,Jenis: baik Harga: terjangkau Kualitas: sangaat bagus,-
197,vennoyee,5,2025-08-11 18:11,"Murah sih tp beratnya tdk ada 500 gram, 500 kurang dikit",-
198,jalansehat125,5,2023-06-10 06:28,Cocok Untuk: bikin kue Kualitas: bagus Akhirya yang di tunggu datNg juga udah gk sabar pengwn bikin semoga enak bisa buat beli lagi,-
199,a*****i,5,2025-06-20 16:55,1 aw389d478a,-
200,aw389d478a,5,2026-02-27 15:28,Tepungnya mantap untuk bolu ketan hitam langganan terus thank you seller pertahankan mudah-mudahan next time dapat diskon lagi,-
201,arfinggi,5,2025-07-08 20:11,"pengiriman cepet, tepungnya bagus",-
202,akbarplastikdanbahankue,5,2025-06-08 12:31,Aman sampai tempat ♥️,-
203,chelre_26,5,2025-10-19 15:46,"Rasa: enak Tekstur: lembut Kegunaan: untuk buat kue Tepung yg bagus untuk bolu keju lumer, tepungnya wangi g apek, langganan beli disini",-
204,warnisihasih,5,2025-08-10 05:20,Rasa: kue Tekstur: lembut Kegunaan: cocok bikin inan kue,-
205,miftakul_huda333,5,2025-07-15 17:03,"Rasa: gurih Tekstur: sedikit ada kasarnya Kegunaan: bahan kue bolu, kue basah. Ini produk tidak apek, beda sama merk yg laen",-
206,a*****u,5,2025-06-10 17:03,"Rasa: enak, mungkin sedikit kurang kuat rasa ketannya. tapi oke bgt, tekstur nya juga ke bolu ga kasar bgt (aku saring dulu). warnanya juga item pekat. Kegunaan: bolu kukus ketan Tekstur: umumnya bolu kukus ketan, ga bantet, tapi gatau kenapa di aku kurang ngembang dikit tp ga bantet. tapi aku bakal repeat order sih kek nya. soalnya bener2 ga yang jadi abu2 atau minim rasa ketan hitamnya (masih sedikit strong). 0:20",-
207,ani.yuliani,5,2025-12-14 04:43,"Rasa: lezat Tekstur: lembut Kegunaan: cocok untuk bahan kue Baru nyoba Produk nya, hasil empuk & kenyal kuenya....",-
208,n*****6,5,2025-07-31 00:07,Sudah sampai semoga rasa tepung ketan hitam nya enak dan bisa pesen lagi deh hehehe 1 asti001242,-
209,asti001242,5,2025-07-10 17:57,Rasa: GK tau gi mau d coba Tekstur: lembut Kegunaan: untuk membuat kue Sesuai ekspektasi cuman blum tau hasil nya.. lgi mau d coba buat bikin kue bolu lumer..,-
210,n*****8,5,2025-08-12 16:20,Rasa: pas Tekstur: bagus Kegunaan: untuk kue Mndrt dngn slmt dan bagus,-
211,budisastrini,5,2025-11-01 15:47,Rasa: memuaskan Tekstur: lembut Kegunaan: buat kue lezat,-
212,saanissaa,5,2025-10-02 08:11,Rasa: lezat Tekstur: lembut Kegunaan: cocok bikin kue,-
213,azizarahma2101,5,2025-10-31 15:44,"Rasa: blm di rasain,tunggu di kirimin dari mertua aja 🤭 Kegunaan: buat bolu mertua",-
214,dewikunthi88,5,2025-07-11 18:02,"Order yg ke 2kalinya karena paling murah,dan rasa kue nya jadi ga krenyes2 bangett enakk",-
215,widaazahrahidham,5,2025-09-21 17:37,Rasa: enak bgt Tekstur: lembut Kegunaan: cocok untuk makanan yg lezat,-
216,d*****4,5,2026-02-11 21:30,Tepung ketan hitam atau keju manis ya mas hehe makasih infonya mbak wkwk tapi saya juga pernah nyoba sih enak kok mas wkwk cuma emang gak,-
217,a*****y,5,2025-06-22 18:59,"Sesuai dengan selera, thankyou seller dan abang kurir, sukses selalu",-
218,k1204010100356,5,2025-06-19 16:26,Seenak ituhhhh Ini aku udh co lagi langsung beli dua,-
219,karinasafana,5,2022-06-10 16:48,"Jenis: tepung Harga: standar Kualitas: bagus Udh di coba bikin boku ketan, enak, tp anak Q g suka",-
220,sintaikahapsari,5,2025-06-19 20:11,"Barang sesuai pesanan, kualitas ok",-
221,nyomanyudiarta76,5,2025-06-16 15:14,Rasa: memuaskan Tekstur: lembut,-
222,w*****_,5,2025-10-26 17:16,Rasa: ketan hitam Tekstur: lembut seperti tepung Kegunaan: untuk membuat kue boltem,-
223,suharti12april,5,2026-03-14 18:19,"Terimakasih banyak atas pengirimannya 👍👍 semoga semakin bertambah sukses laris manis dan berkah usahanya, aamiin",-
224,suharti12april,5,2026-03-09 23:12,"Terimakasih banyak atas pengirimannya 👍👍 semoga semakin bertambah sukses laris manis dan berkah usahanya, aamiin",-
225,a*****1,5,2022-05-28 18:42,Jenis: bubuk Harga: tetjangkau Kualitas: ok Langgan ajj Next order lagi 🙏🙏,-
226,uunmaharanis,5,2026-02-20 13:56,"Tepungnya tidak kasar, halus sekali Rasa enak Aroma sedap",-
227,a*****i,5,2025-07-30 19:31,alhamdulillah sudah sampai... jadi bisa bikin kue bolu lumer 1 m4m4ica,-
228,m4m4ica,5,2025-12-17 19:19,Selalu berlangganan beli tepung disini... Enak tidak bau dan hitam pekat,-
229,meilaningsih1305,5,2022-03-18 12:40,Jenis: baik Harga: ok Kualitas: baik,-
230,14fitrimariana,5,2025-06-08 13:16,Mantap sesuai dengan keinginan anda dan kami ucapkan banyak terima kasih atas kunjungan Anda selamat,-
231,yellysany,5,2025-08-31 11:06,Rasa: enak Tekstur: lembut Kegunaan: cake ketan hitam Sudah 2x beli di sini dapat harga murah tapi kualitas sama dgn yg harga mahal Update Penilaian Tepung ketan hitam ini harganya ekonomis tapi kualitas ok seperti yg harganya mahal 0:10,-
232,t*****2,5,2025-08-07 19:15,"Brg cepat sampai baru pertama kali beli ini, semoga gorengan enak dan krispi.",-
233,nurul.irawat1,5,2022-03-17 19:28,"Jenis: Tepung Harga: 6 ribuan Kualitas: baik Paket sampai dengan aman sesuai pesanan,tapi expired nya ga keliatan euy",-
234,theresiainawati157,5,2025-08-02 21:26,Rasa: enak dan aromanya wangi Tekstur: lembut Kegunaan: buat cake Cocok dengan merk yg ini,-
235,nandamoethy,5,2025-06-20 22:14,Kalo bgus aku order yg banyak yah Kaka dsni Packing aman  meskipun pakai plastik tapi alhamdulilah selamat sampai sini,-
236,ekaerwana237,5,2025-06-10 20:12,Rasa: meemuaskan Kegunaan: cocok bikin bolu Tekstur: bagus pas,-
237,kusnulf,5,2025-12-26 16:57,Suka bgt bagus banget pokoknya Sukses trs toko nya amanah terus dan lari manis terusss🥰🥰,-
238,tantie_18,5,2025-10-17 23:48,"Hasil kue nya jadi wangii, suka 👍",-
239,a*****0,5,2026-04-26 22:29,Lebih enak dr merk 1 lg yg pernah dcoba. Pulen gt dibikin bolu kukus,-
240,Langganan,5,2022-04-16 16:49,barang bagus cepat sampai kualitas oke harga murah pokoknya juara,-
241,githabitaufik3,5,2025-10-25 10:55,"Selalu puas, packing aman,,, udh langganan beli disni",-
242,paramastri03,5,2025-09-14 04:19,"Buat bikin bolu, wanginya jadi lebih enak",-
243,u*****e,5,2025-07-29 07:15,Baru pertama x coba. Jadi belum tau hasilnya enal atau tidak. Bagus atau tidak. Kalau hasil nya bagus next order lagi 0:23 1 jalebiprasad,-
244,jalebiprasad,5,2022-05-18 08:01,Harga: murah Kualitas: bagus,-
245,galihaiiu20,5,2025-08-09 17:41,Hitam.pekat legit setelah di masak,-
246,divat0x,5,2025-07-21 07:54,Rasa: lezat Tekstur: bagus Kegunaan: kue lezat Bagus,-
247,hetti_mulyati,5,2025-10-31 18:33,"pengiriman sangat cepat, 1 hari pesan sdh sampai.. terimakasih seller",-
248,v*****3,5,2025-12-05 12:49,Rasanya enak lembut bolunya pokoknya rekomended dah yg ke 3 kali beli ditoko ini makasih seller pengirimannya cepat banget,-
249,albabyshop4,5,2025-07-27 21:58,Rasa: lezat Tekstur: lembut tdk berpasir Kegunaan: membuat kue Warnanya pekat merk ini sukaa sekalii...next order disini terus thank you,-
250,msidik25,5,2025-06-27 18:35,Rasa: enak tidak berpasir Tekstur: tekstur bagus Kegunaan: cocok membuat kue Pengiriman agak lama,-
251,_*****e,5,2025-07-12 13:43,Dibuat bolu ketan hitam enak banget,-
252,mulya.filter,5,2025-11-27 15:12,"Rasa: rasanya enak sekali cocok dibuat utk bronis kukus,semua teman mpe tanya beli dimana",-
253,mamaiii75,5,2025-07-31 09:04,"Sudah sampai, aman no bocor bocor, semoga enak buat bikin kue"" ...harga terjangkau dan exp masih aman .. 1 boahancock06",-
254,boahancock06,5,2025-06-19 15:11,"Tepungnya enak, ga bau. Murah juga makasiiii 🥰🫶🏻 0:15",-
255,k*****1,5,2026-01-16 12:58,Tepung ketan bummi tanni mantul legit no debat😍😍😍,-
256,queenabell_corner,5,2026-05-07 06:44,"Bagus buat bikin kue ,,, lembutb",-
257,leniprastyanii,5,2026-02-20 21:44,"Rasa: enak Tekstur: bagus Kegunaan: untuk kue Alhamdulillah paket sdh sampai, pengiriman cpt, packing rapih, hrga oke & barangnya realpict. Terimakasih seller",-
258,nurulhaniyah017,5,2025-08-03 08:38,Rasa: enak Tekstur: lembut Kegunaan: bolu ketan hitam Terimakasih seller,-
259,Langganan,5,2022-04-16 18:55,pengiriman sngat cpat .,-
260,theresiainawati157,5,2025-07-28 18:10,Blm dicoba...bungkusnya bocor 1 1 2 ... 42 43 44 45 46 ...,-
261,theresiainawati157,5,2025-07-28 18:10,Blm dicoba...bungkusnya bocor 1,-
262,k1204010100356,5,2025-06-19 16:30,Pesenan ke dua kli nya lngsung 2 😍,-
263,d_ariastuti,5,2025-12-17 13:35,Paket sudah sampai. Ketannya rasanya enak dan warnanya juga bagus kalautuk bolj kukus. Langganam aku suka. Thanks seller dan shopee,-
264,vannyseptia29,5,2026-04-21 12:37,Akhirnya datang jugaa.. Makasiiii,-
265,nandamoethy,5,2025-07-15 20:29,Langganan pokoknya kak maksii ya kak sudah amanah,-
266,mirmagadis30,5,2025-07-01 20:49,Semoga enak nanti di bikin bolu..,-
267,d*****e,5,2025-07-25 08:34,Mntp pisan pokonyaaa😍,-
268,duwiisharyanti,5,2025-07-05 12:51,Rasa: enak Tekstur: lembut Kegunaan: untuk buat bolu,-
269,magda99,5,2025-06-20 13:42,"Premium. Belum coba si, besok baru mau baking",-
270,leniprastyanii,5,2026-04-24 17:40,"Tekstur: lembut Rasa: enak Alhamdulillah paket sdh sampai, pengiriman cpt, packing rapih, hrga oke & barangnya realpict. Terimakasih seller",-
271,leniprastyanii,5,2026-03-06 18:38,"Tekstur: lembut Rasa: enak Alhamdulillah paket sdh sampai, pengiriman cpt, packing rapih, hrga oke & barangnya realpict. Terimakasih seller",-
272,murilia69,5,2025-06-22 11:54,"Bikin yg lagi viral,,enak juga pake merk ini,thank u seller",-
273,peni021,5,2025-07-07 17:09,"Meskipun beki 1 tetep dikirim dong packingnya aman banget lagi,,, makasih ya min",-
274,muhammadvirza033,5,2025-07-09 19:42,Makasih banget d kirimnya sangat cepat.,-
275,d*****4,5,2025-09-14 09:19,"Aku suka beli disini, rasanya enak, warnanya juga bener bener gelap, cantik banget hasilnya",-
276,my_hilyah,5,2025-07-07 19:13,Bagus tepung ketan nya,-
277,dinafw796,5,2026-02-08 12:56,"Rasa: enak,ga tengik Tekstur: bagus Kegunaan: kue Pembelian ke-2,memuaskan Respon cepat,produk kualitas pun sangat bagus",-
278,umastore88.id,5,2025-09-09 17:39,Rasa: enak tepunya ga apek fres,-
279,e*****9,5,2025-07-28 07:36,Pengiriman cepat. Packing aman. Harga murah. Kualitas ok. Recommended. Makasih seller,-
280,e*****9,5,2025-07-28 07:51,Pengiriman cepat. Packing aman. Harga murah. Kualitas ok. Recommended. Makasih seller 1 d*****3,-
281,d*****3,5,2025-08-11 20:10,Rasa: Ok Tekstur: Bagus Kegunaan: Buat kue,-
282,a*****5,5,2022-05-05 14:44,0:04,-
283,a*****n,5,2025-06-19 15:29,"Rasa: ok Tekstur: ok Kegunaan: pas bgt buat bolu terima kasih kaka seller, paket sudah sampai dengan baik, lengkap, cepat... alhamdulillah 0:08",-
284,s*****i,5,2025-10-26 19:47,Enak gak bikin perut gak nyaman Smoga amanah trus Mkasih seller Berkah selalu,-
285,pe5tf2s63j,5,2025-06-29 09:56,"Produk sesuai pesanan tp blm di coba semoga bagus ya,dan smp dlm keadaan baik.",-
286,nurul2502,5,2025-07-15 19:55,Barang sesuai 👍,-
287,a*****n,5,2025-07-11 21:57,"Rasa: ok Tekstur: ok Kegunaan: ok terima kasih kakak seller paket sudah sampai dengan baik, aman, lengkap, alhamdulillah",-
288,linda_yana_budiman,5,2025-12-17 05:03,Rasa: ok Tekstur: ok Kegunaan: ok Ok,-
289,giskaestynara,5,2025-07-21 20:48,Rasa: belom tau Semoga sesuai ekspektasi 0:42,-
290,d*****i,5,2022-06-10 18:58,"Maaf saya kasi bintang 3, krn gak kelihatan tgl exp. 1 saputra_aan",-
291,saputra_aan,5,2025-08-11 15:18,Rasa: pas Tekstur: lembut Kegunaan: lezat,-
292,d_ariastuti,5,2026-02-26 16:32,Paket diterima. Thanks seller dan shopee,-
293,jastipsaudi,5,2025-06-18 13:09,alhamdulillah terimakasih banyak barang sudah sampai dengan aman 1 vitriadewibinawati518,-
294,j*****a,5,2025-06-06 17:16,Semoga kedepannya packagingnya bisa lebih baik,-
295,v*****o,5,2025-08-07 15:51,Rasa: ok Tekstur: kenyal Kegunaan: ok,-
296,ica221,5,2025-08-23 04:50,Produk: Barang rusak Maaf ku kasih bintang 2 dlu soalnya barang pecah bubble wrapnya PELIT BETUL. Lain kali klo ngirim sejenis tepung begitu bubble wrapnya di tebalin jgn pelit* 1 t*****2,-
297,t*****2,5,2025-08-08 05:20,"Produk: Kualitas buruk Warna nya pucet bgt abu2, pertama kali beli disini bagus warna nya hitam terus pas beli banyak kedua kali warna nya gini semua Update Penilaian 1 n0xlput",-
298,n0xlput,5,2025-08-02 16:58,Terimakasih seller and kurir Paketnya sampai dengan selamat Semoga selalu baik dan makin baik,-
299,erma46253,5,2025-08-03 15:39,Harga murmer...,-
300,l*****a,5,2025-10-26 18:09,Rasa: ok Tekstur: lembut Kegunaan: utk membuat kue Barang pesanan sudah diterima. Reapon seller baik.,-
301,z*****z,5,2023-09-24 19:56,"Sangat memuaskan , 1 milo.dancow",-
302,milo.dancow,5,2025-10-30 20:52,"Kirain 500gram ternyata cm 250 gram, aku slh baca😔",-
303,nanad11_olshop,5,2025-06-14 16:56,1 y*****8,-
304,y*****8,5,2025-11-08 21:28,Kakak bagus si hanya saja kemasannya ada bocor 1.,-
305,z*****z,3,2023-09-24 19:56,"Sangat memuaskan , 1",-
306,n*****a,5,2026-06-14 17:02,Tekstur: lembut tdk berpasir Rasa: rasa yg khas Rasakan: untuk bolu ketan hitam dan selalu enak Sdh sering repeat order. Dan selalu enak untuk bolu ketan hitam 0:06,-
307,muthins,5,2026-01-24 00:59,Rasa: enakk Tekstur: ga seret di mulut Kegunaan: cocok buat bikin bolu ketan 0:26,-
308,shafira8,5,2026-03-10 17:03,"Rasakan: saat dibuka ternyata bagian bawahnya robek, robek saat didalam plastik beningnya Produk: Barang rusak 0:16",-
309,b*****6,5,2026-03-26 23:19,Tekstur: cocok teksturnya lembut Rasa: enak rasa tepungnya gurih & manis Rasakan: rasanya manis enak Sudah tidak udh diragukan lagi tepung ketan yg cocok untuk jualan saya & suguhan keluarga saya..thanks dikirim cepat & aman 0:12 0:06,-
310,tiafatmaarga,5,2026-01-21 18:26,Rasa: belum di coba Tekstur: bagus dan kadaluarsa nya masih lama Kegunaan: untuk membuat kue bolu 0:16,-
311,fransiscussitepu,5,2026-05-25 08:13,"Tekstur: halus dan lembut Rasa: rasanya murni ketan hitam Rasakan: sudah coba dua kali tp rasa tetap enak, legit dan lembut... Ini adalah pembelian kedua, saya suka, semoga rasa dan teksturnya tidak berubah... Terimakasih seller",-
312,s*****5,5,2026-01-26 20:33,"Rasa: enak Tekstur: lembut Kegunaan: bolu ketan lumer yang lembut , enak, & cantik...",-
313,aw389d478a,5,2026-01-24 14:16,Tepung murah meriah rasa enak dan mantap terima kasih seller berkah barokah 0:11,-
314,y*****y,5,2025-11-12 11:21,"Rasa: ketan Tekstur: halus Kegunaan: untuk kue Dapat harga murah dong karna punya diskon, pengirimannya sangat cepat. Produk bagus top amanah tokonya 0:06",-
315,b3ll3maison,5,2025-10-25 17:11,Rasa: enak dibikin bolu Tekstur: halus kayak tepung biasa Kegunaan: cocok buat kue bolu kukus ketan itam 0:10,-
316,a*****d,5,2025-08-21 10:20,"Bagus, enak, hitam pekat, rekomended. Tp ngirimnya agak lama huhu. Thnkyu seller.",-
317,s*****t,5,2025-08-20 20:06,"Bagus, packing ok. Pengiriman lumayan cepat. kurir baik. Thanks",-
318,lifwid,5,2025-11-01 10:35,"Packing aman, tepung ketan asli tanpa campuran apapun, rekomendasi 0:04",-
319,asniyati2511,5,2025-10-25 14:32,Alhamdulillah paket sudah sampai pengiriman lumayan cepat sudah order yang kedua kalinya 0:08,-
320,n*****i,5,2025-11-11 20:33,Rasa: enak Tekstur: lembut Kegunaan: untuk membuat kue Alhamdulillah paket sudah nyampe kemasan rapi rasanya enak tekstur lembut berguna untuk membuat kue 0:05,-
321,i*****4,5,2025-11-29 15:47,"Rasa: sangat lezat dan memuaskan Tekstur: tekstur yg sangat bagus Kegunaan: cocok. untuk membuat kue Pengiriman cepat, dapat harga murah.. Rasa kue nya lezat 0:05",-
322,gitadp,5,2025-11-02 13:14,"Cocok Untuk: baking Kualitas: baik Rasanya enak dibanding merk lain, mungkin karna ada proses oven sebelumnya, Saya sudah 5x co di toko ini, semoga harganya stabil dan rasanya tetap berkualitas..",-
323,leniprastyanii,5,2025-11-02 09:29,"Kualitas: ok Cocok Untuk: kue Alhamdulillah paket sdh diterima, packing lumayam rapi, pengiriman cpt, hrga oke, blm dicoba baru pertama kali beli semoga rasanya enakk. Terimakasih seller",-
324,0*****v,5,2025-11-02 20:52,Pesanan sudah tiba tepung beras ketan hitam serbaguna untuk kue rasa enak pengemasan aman cepat makasih seller dan tim shopee,-
325,p3r3mpu4an,5,2026-03-07 15:09,Alhamdulillah barang sudah sampai dengan selamat dan baik-baik saja tidak ada komentar apa-apa terimakasih atas kerjasama yang baik dan benar 0:06,-
326,emmaindra26,5,2025-11-11 20:02,"Rasanya enak,, jualan bolu ketan hitam keju lumer aku laris manis, terimakasih seller juga abang kurir nya🙏🙏",-
327,musrifaifa323,5,2026-03-07 17:52,Tekstur: tekstur lembut Rasa: kelihatanya enak Rasakan: baru beli jadi belum mencoba 0:11,-
328,r*****g,5,2026-03-18 17:56,"Tekstur: teksturnua lembut Rasa: rasa tepungnya enak dan harum Rasakan: benar enak, harum dan lembut Siangnya paket sampai langsung sorenya dieksekusi bikin bolu ketan hitam keju lumer. Setelah sekian purnama akhirnya ga penasaran lagi. Update Penilaian Siang paketnya sampai, sorenya langsung dieksekusi bikin bolu ketan hitam keju lumer setelah sekian purnama nyari2 tepung ketan hitam di daerah saya ga ada dan ternyata beneran seenak itu apalagi pakai tepung merk ini. Ga ada bau apeknya.. Murah lagi. Bakal langganan deh..",-
329,leniprastyanii,5,2026-03-14 09:23,"Tekstur: lembut Rasa: enak Alhamdulillah paket sdh sampai, pengiriman cpt, packing rapih, hrga oke & barangnya realpict. Terimakasih seller",-
330,leniprastyanii,5,2026-03-12 16:14,"Tekstur: lembut Rasa: enak Alhamdulillah paket sdh sampai, pengiriman cpt, packing rapih, hrga oke & barangnya realpict. Terimakasih seller",-
331,ranti5293,5,2025-11-29 09:16,Maafkan lupa moto tepungnya. Sudah jadi kue hehee.. rasanya enak gak ngeres banget trus wrna hitamnya bagus. Hrganya murah tapi enak. Nnti aku mau order lgi. Kue aku jdi tmbh laku😬😁,-
332,lina911703,5,2025-11-29 13:02,Barang bagus. Pengiriman cepat. Sampai cepat. Respon lumayan. Tengkyuuu..,-
333,d_ariastuti,5,2025-10-25 21:34,Paket sudah sampai. Pengiriman cepat. Semoga rasa kerannya enak dan dagangan aku latis.  jadi bisa repead order lagi. Thanks seller dan shopee,-
334,a*****a,5,2025-09-16 14:38,Rasa: legit Tekstur: lembut Kegunaan: untuk membuat kue/ bolu MasyaAllah kemarin nyoba beli 4 bungkus sekarang 25 bungkus 👍👍 1 aisyah1007,-
335,aisyah1007,5,2026-02-22 03:12,Tekstur: baik,-
336,edhysuhardimanhermawan,5,2025-10-27 16:46,Rasa: ok Tekstur: ok Kegunaan: ok,-
337,rilahfelani,5,2025-11-20 11:53,"Semoga rasa & tekstur cocok di lidah,",-
338,dwisuwono,5,2025-11-11 19:02,Bagus bngt tepingnya,-
339,urh_gvpyvo,5,2026-03-07 14:09,0:13,-
340,kurniaty09,5,2026-03-12 10:56,Semoga enak ya,-
341,rojanaah,5,2025-06-23 10:32,Packing tepungnya sudah terbuka,-
342,Membantu?,5,2022-11-21 15:24,Kualitas: blm di coba..tp kliatannya ok  banget Cocok Untuk: bikin bolu Alhamdulilah paketannya dah sampe dengan selamat dan pengirimannya rapi..semoga amanah dan lancar terus untuk tokonya  penjual yg baik..trima kasi sopee ada aplikasi km sangat22 membantu 0:32 5 anafocke1990,-
343,anafocke1990,5,2022-03-27 10:43,Jenis: TEPUNG KETAN HITAM Harga: MURAHHHH Kualitas: BELUM TAU BELUM PERNAH COBA MERK INI 0:49 2 564nur173,-
344,564nur173,5,2025-07-18 12:26,"Rasa: blm dicoba Tekstur: lembut Kegunaan: berbagai keperluan masak Barang diterima dalam kondisi baik, packing aman pakai bubble wrap, sesuai pesanan,semoga rasanya enak,next beli lagi 0:04 1 bcn2v46kah",-
345,bcn2v46kah,5,2023-05-03 18:29,"Paketnya sdh sampai, blm dcoba sptnya bagus, pengiriman jg cepat trmksh seller dan kurir 0:17 1 1 2 ... 60 61 62 63 64 ...",-
346,Anonymous,5,2022-11-21 15:24,Kualitas: blm di coba..tp kliatannya ok  banget Cocok Untuk: bikin bolu Alhamdulilah paketannya dah sampe dengan selamat dan pengirimannya rapi..semoga amanah dan lancar terus untuk tokonya  penjual yg baik..trima kasi sopee ada aplikasi km sangat22 membantu 0:32 5,-
347,ekokurniawan20,5,2025-08-11 00:18,"Rasa: belum nyoba Tekstur: lembut Kegunaan: bikin bolu Pengiriman cepat, rencana mo bikin bolu caramel ketan hitam, semoga cocok dengan yang diinginkan 0:10",-
348,dwi_agustina7sj,5,2025-12-15 10:31,"Rasa: blom dicoba semoga enk ya Tekstur: blom dibuka semoga lembut ga berpasir Kegunaan: cocok buat kue basak ato kering Pingi bikin rukuk2 isi kelapa biasanya spesial rasanya,untung dishopee ada tepung ketan hitam jd lebih praktis ga usah nyelep lagi 0:18",-
349,cantikasalonmalang,5,2025-07-23 14:49,"Rasa: blm di coba Kegunaan: bahan kue Alhamdulilah pesanan sdh sampai, paking aman, siap bikin kue. Trimakasih 0:16",-
350,fransiscussitepu,5,2025-08-22 12:49,"Rasa: blom dicoba... Tekstur: halus Kegunaan: sebagai bahan kue bolu ketan hitam Terimakasih seller barang sdh diterima dalam kondisi baik, semoga berkah ya...",-
351,zhetisya06,5,2025-08-08 17:01,"Rasa: belum di coba Tekstur: halus Kegunaan: buat kue Ternyata ukurannya kecil , expired Juli  2026 0:26",-
352,m25saw,5,2022-03-18 04:03,1 1 2 ... 61 62 63 64 65 ...,-
353,donikaysani,5,2025-07-29 13:59,Rasa: belum di coba Tekstur: halus Kegunaan: adonan kue Barang sesuai pesanan. Semoga enak kalau sudah di masak 0:06 1 yayuklovesadewo,-
354,yayuklovesadewo,5,2025-07-25 18:09,"Rasa: tepung ketan hitam,blm coba Tekstur: lembut halus Kegunaan: baik utk buat mcm2 kue Alhamdulillah,tepung ketan hitam SDH smpe,agak lama sih,tp aman,pak kurir makasih, 0:53",-
355,s*****2,5,2026-02-27 23:31,Tekstur: belum cek Rasa: blm coba Rasakan: belum mencoba Pertama kali lihat ini dipostingan seorang dokter diIG buat kue ketan pakai ketan Bummi. Saya penasaran dan beli. Sayangnya blm bisa eksekusi karena kendala alat 0:22 1 u*****7,-
356,u*****7,5,2025-07-30 16:23,"Rasa: blm dicoba Tekstur: halus Kegunaan: cocok buat bikin2 kue Respon penjual bagus , pengiriman cepat, paking kurang aman krn ada kemasan yg pecah 0:16 1 f*****s",-
357,f*****s,5,2025-08-12 15:36,"Rasa: belom coba Tekstur: lembut Kegunaan: cocok untuk kue Pengiriman lumayan cepat, harganya terjangkau, pengiriman dengan baik 0:25",-
358,o*****i,5,2023-08-14 10:23,"Kualitas: ngga ada tanggal expired/produksi btw... Pengemasan standar. Pengiriman H+2. Produk belum sempet dicoba, sih... Soalnya pas paket datang, pas tangan kanan saya bengkak dicakar kocheng, padahal udah niat m langsung bikin bolunya 😑 1 1 2 ... 62 63 64 65 66 ...",-
359,mamakyeisya,5,2025-07-11 17:13,Rasa: blm di coba Tekstur: bagus Kegunaan: membuat kue 1 a*****2,-
360,a*****2,5,2025-06-28 18:11,Rasa: belum dicoba Tekstur: belum dicoba Kegunaan: cocok buat bikin bolu yg lagi viral 😅 Check out tepung ketan hitam gara2 fomo pengen bikin bolu ketan hitam lumer or brownies ketan hitam keju karamel. 0:12 1 oktavianinastiti_,-
361,oktavianinastiti_,5,2025-06-10 12:00,"Rasa: belum dicoba Kegunaan: untuk kue Tekstur: belum tau Sukaa sihh sama barangnya tapi belum dicoba, 👍 1 s*****r",-
362,s*****r,5,2025-07-12 05:37,Rasa: blm dicoba Tekstur: blm tau Kegunaan: cocok untuk membuat bolu ketan Tapi sayang nya exp bulan ini 😅 0:08 Respon Penjual: kakkk itu exp 2026 ya bukan bulan ini 1 nchefz,-
363,nchefz,5,2025-11-20 17:36,"Terima kasih sudah sampai, tapi belom di coba rasanya enak atau engga",-
364,farezkashop,5,2025-07-12 20:30,"Rasa: belum dicoba Tekstur: lembut Kegunaan: mau bikin bolu ketan hitam Pengen nyobain bikin bolu ketan hitam yang lagi viral, susah banget beli di toko offline akhirnya beli di shopee. Makasih seller 0:22 1 1 2 ... 63 64 65 66 67 ...",-
365,yuniasriwiyati,5,2025-07-10 10:44,Barang sampai dengan cepat aman. Harga terjangkau packing standar lah. Belum di cobain moga aja bagus 0:06 1 o*****5,-
366,o*****5,5,2025-10-23 06:58,"Rasa: belum dicoba Tekstur: oke Kegunaan: bolu rencana untuk membuat bolu, kalo hasilnya oke nanti order lg ya thx seller 👌 0:07",-
367,linachan422,5,2025-11-01 15:52,Rasa: blm dicoba Tekstur: SM seperti tepung Kegunaan: untuk membuat bolu,-
368,wahyu130589,5,2023-04-06 23:09,Cocok Untuk: bikin bolu Kualitas: blm dicoba Terimakasih banyak ya kak pesanan sudah diterima Semoga sukses terus ya kak 1 hanadewi.sd,-
369,hanadewi.sd,5,2025-07-02 11:18,Rasa: blm di coba Tekstur: biasa seperti tepung Kegunaan: bolu dll 1 atrisudaryati,-
370,atrisudaryati,5,2025-07-04 14:46,Rasa: blm di coba Tekstur: tepung Kegunaan: membuat kue 1 1 2 ... 64 65 66 67 68 ...,-
371,kamucantik14,5,2025-06-12 00:49,Rasa: belum dcoba Tekstur: lembut Kegunaan: utk kue bolu ketan,-
372,umayhasim31,5,2026-02-04 19:43,Rasa: belum coba Tekstur: belum tau Kegunaan: buat kue semoga cocok Bismillah,-
373,a*****6,5,2025-07-31 19:27,Rasa: belum di coba Tekstur: halus Kegunaan: buat makanan 1 dwianggia29,-
374,dwianggia29,5,2025-07-13 10:18,"Belum dicoba... Nanti aku coba semoga legit biar aku beli terus, terimakasih",-
375,1971irma,5,2025-07-09 08:31,Rasa: belum d coba Tekstur: tepung lembut Kegunaan: utk bikin bolu Paket sampai dengan aman packing rapih exp masih lama Terima kasih,-
376,v*****i,5,2026-04-11 16:46,"Tekstur: belum cobaa semoga sajaa sesuai yaaa Rasa: seharusnyaa enak sii belum coba Rasakan: belum coba rasanyaa Tumpaah dalam plastik nih, semoga tidak mengurangi rasa 🥹 0:12 0:15",-
377,evitadiana02,5,2025-07-17 18:56,Rasa: belum dicoba Tekstur: belum dibuka Kegunaan: untuk membuat bolu ketan hitam keju lumer,-
378,renirohmah113,5,2025-06-18 18:26,Rasa: blm d coba Tekstur: lembut Kegunaan: untuk kue Tepung ketan hitam nya baru datang mudah 2 an enak di buat kue nya,-
379,ikayumiati747,5,2026-03-15 21:20,"Tekstur: kualitas bagus,pacing bagus.kalo rasa belum coba.nanti kalo dah d coba aya barui.",-
380,mustikaraturatu298,5,2025-07-04 15:14,Rasa: blm d coba Tekstur: lembut Kegunaan: untuk membuat kue,-
381,yosephinesr,5,2025-11-05 18:48,"Rasa: blm coba,jd blm tau Tekstur: maaf br sampe,blm di buka Kegunaan: utk bikin kue",-
382,n*****1,5,2025-11-18 18:22,"Rasa: belum coba Tekstur: sepertinya halus Kegunaan: bolu ketan hitam lumer Packing aman sampai ditangan, kemasan baik dan ada resep bolu yg lg viral nih.. dan harga terjangkau, btw di daerah ku banyak yg udah habis stok nya 0:26",-
383,niningarifin768,5,2025-11-03 18:20,"Tepungnya sdh dateng, blm dicoba smg sesuai dgn reviewnya, packing rapih, tks",-
384,0qhvi_b1ie,5,2025-08-19 10:41,Rasa: rasa ketan hitam Tekstur: blum dicoba Kegunaan: utk kue,-
385,sentakushop,5,2025-06-23 20:59,"Rasa: blm dimasak Tekstur: tepung Kegunaan: bolu Belum tau kualitasnya, beli karena mau coba. Cuma satu sih yg buat saya bingung. Sebelumnya Saya order 2 pcs tapi ngga dikirim2 sampe dibatalin Dr shopee, sekarang saya order 1 pc dikirim setelah saya chat seller “kenapa belum dikirim?” Dan sehari langsung sampe padahal luar kota. Tolong bagian pengirimannya diperbaiki..",-
386,m*****i,5,2025-09-30 10:21,"Rasa: enak Tekstur: bagus Setelah mencoba beberapa merk, saya paling cocok sama merk ini, tepungnya haluss gak ngeres, dan warnanya hitam pekat tanpa perlu diberi bubuk coklat dll, baunya pun wangi khas ketan hitam gak apek. Mantapp semoga harganya ga naik2 lagi ya 🤓🤣 0:10",-
387,m*****e,5,2025-10-15 21:51,"Rasa: baik Tekstur: nagus Kegunaan: cocok untuk bikin kue Tepung ketan hitam, harga terjangkau, expired masih lama, cocok buat bikin kue yang lagi viral, respon penjual cepat, pengemasan produk aman",-
388,n*****o,5,2025-10-30 20:56,Rasa: oke Tekstur: bagus Kegunaan: untuk membuat kue Hasil nya hitam pekat bagus. Ini cahaya foto aja jadi hasilnya beda. Aslinya hitam bagus banget 0:09,-
389,h*****p,5,2025-11-24 16:58,"barang sesuai, kecepatan pengiriman standar, harga standar, barang utuh, rekomended, dianjurkan pembelian kedua 0:04",-
390,ranti5293,5,2025-12-08 08:33,Alhamdulillah ini order yg ketiga. Jualanku laris manis 😁 rasa ketannya enak. Nnti order lg ya. Terimakasih.. 0:08,-
391,e*****i,5,2025-10-10 07:54,Rasa: sangat enak Tekstur: halus Cocok untuk bolu kukus. Kualitas bagus dan mantap 0:04,-
392,clevamiastore,5,2025-10-30 16:23,"Rasa: enak Tekstur: lembut sedikit berstektur Kegunaan: bikin bolu ketan hitam. Endul bestie, twpung jg baru ya, tidak tengik atau gimana. Good...",-
393,yesi_yasinta,5,2025-10-30 14:27,Baru mau coba katanya bagus Semoga beneran bagus hehe,-
394,09auliarosadi,5,2025-10-03 12:44,"Rasa: pas di lidah dan tidak terlalu manis Tekstur: memiliki tekstur yang bagus Kegunaan: cocok untuk membuat kue yg lezat Udak kesekian kalinya buat kue ini, anak2ku semuanya suka👌🏻🥰🥰🥰 0:12",-
395,ugieriyadi,5,2025-09-15 11:20,Rasa: belum dicoba 🙏 Tekstur: sepertinya lembut Kegunaan: cocok untuk membuat kue bolu ketan keju lumer... Pengemasan cepat Pengiriman cepat Packing standar tapi aman Semoga besok as sesuai ekspektasi saat buat bikin kue...klo jadi next time pesan lagi 0:18,-
396,niena.amoy,5,2025-09-18 09:27,"Rasa: memuaskan Tekstur: lembut Kegunaan: cocok untuk semua jenis kue basah, mantap buat bikin dodol Ternyata kemasan 250g itu kecil banget ya, maklum gak pernah beli tepung ketan, pantas semua jajanan berbahan tepung ketan harganya mahal 0:04",-
397,indrayuliana,5,2025-12-25 07:41,"Rasa: paling endulita 🤤 Tekstur: ada Krenyes2 dari tepung ketan hitamnya Kegunaan: bolu ketan hitam,brownis ketan hitam Update Penilaian Cocok untuk olahan kue brownis atau bolu ketan hitam.harga ramah dikantong.soal rasa recommended banget.toko ini amanah Pokonya selalu langganan disini",-
398,momentreseller,5,2025-11-28 17:47,"Rasa: enak Tekstur: tekstur lembut Kegunaan: kue² Terimakasih toko, ini pembelian ke2 Alhamdulillah datang cepat pakcing juga rapi👍.. Tepungnya lembut ga terasa kasar setelah jadi kue🫰 0:15",-
399,tba.pku,5,2025-09-19 10:04,"Rasa: enak, khas ketan hitam Tekstur: halus Kegunaan: cocok untuk membuat aneka kue Recommended buat yang gak suka rasa krenyes krenyes di kuenya, karena yg ino tepungnya halus 0:11",-
400,iwanfirdausthohir,5,2025-10-18 10:05,Respon Cepat dan komunikatif Pengiriman Cepat dan Aman Produk sesuai Gambar dan Deskripsi Dijamin Amanah Rekomendasi Seller Bintang 5. ⭐⭐⭐⭐⭐,-
401,irma_retailindo,5,2025-10-30 18:07,"Pesanan sudah sampai dengan baik packing cuma pake bubble tapi alhmdulillah isi nya tidak pecah,,,kemasan bagus expired masih lama trimakasih 0:05",-
402,asriprimasari,5,2025-12-26 07:22,Rasa: enakkk Tekstur: lembut Kegunaan: cocok untuk bolu ketan..kmrn nyobain bikin bugis enak jugaaaaa 0:16,-
403,rosesriani,5,2025-12-01 16:31,Alhamdulillah sesuai pesanan 🙏👍 Belum di coba bikin kue,-
404,d*****2,5,2026-01-07 15:46,"Rasa: belum dicoba, smoga enak Tekstur: tekstur yang lembut Kegunaan: cocok untuk buat brownis ketan hitam, kurirnya sangat baikkkk",-
405,ekaabidin,5,2025-09-11 10:00,Rasa: enak Tekstur: halus Kegunaan: kue Dapet harga murah flashsale 9.9 jdi maaf klo CO ny cumn 1 tdiny mau beli 10 buat stok.. 0:05,-
406,azkarinnafitri960,5,2025-09-16 08:45,"Rasa: lezat Tekstur: ketan Kegunaan: enak, saya bikin brownies bakar coklat ketan, enak dan berhasil. pengiriman jg cepat",-
407,desriwarini22,5,2025-09-17 20:14,Rasa: enak Tekstur: bagus packing amann banget smp ke Samarinda ga ada yg bocor kerennn seller makin laris barokah,-
408,yanti_kumasih,5,2025-09-17 16:31,Rasa: blm di coba Kegunaan: buat balu cake ketan hitam alhamdulillah pengiriman cepat barang di terima dng baik harga umum 0:14,-
409,aw389d478a,5,2025-12-16 19:51,Tepung sangat enak untuk bolu worth it sekali terima kasih seller untuk best murah tapi tidak murahan 0:21,-
410,dyahdyah531,5,2025-09-16 07:00,Bagus barang mya datang srsuai pedanan.semoga nt tepung nya enak kalau di pakai kue.terimkasih sopii 0:19,-
411,d*****e,5,2025-11-25 14:47,Pengeriman lumayan cepat. Belum di coba buat semoga enak sesuai svideonya. 0:05,-
412,m4m4ica,5,2025-10-30 07:55,"Bagus bngt dipke bkin bolu, tidak ngeres pkoknya halus enak rasanya gk bau apek tepung ny",-
413,hetti_mulyati,5,2025-11-08 19:05,Rasa: enak banget Tekstur: lembut dan warnanya hitam pekat,-
414,nufailhanif277,5,2025-09-18 18:33,Rasa: enak Tekstur: kualitas bagus Kegunaan: bikin bolu/kue 0:28,-
415,junajunet478,5,2025-08-31 17:24,Rasa: memiliki cita rasa yang kaya Dan legit Tekstur: bubuk Kegunaan: membuat bolu ketan hitam 0:05,-
416,r*****s,5,2025-08-29 18:08,"Alhamdulillah barang sudah sampai, next order lagi. Terimakasih seller 0:04",-
417,vania003,5,2025-09-01 12:34,Bintang yg menjawab kualitasnya bagus lembut teksturnya next order lagi,-
418,franiko88,5,2025-08-23 01:14,Makasih shopee buat diskonnya jadi bisa beli barang ini deh 0:04,-
419,elizabethanita,5,2025-08-20 12:51,Blm di coba ....mau buat bolu ketan hitam keju lumer,-
420,rachmadiati,5,2025-08-18 18:08,Rasa: enak Tekstur: lembut Kegunaan: cocok untuk membuat kue Terimakasih tepung nya enak lembut.. jd kue nya nikmat.. Terimakasih ka semoga usaha nya tambah lancar 0:07,-
421,eti1204,5,2025-08-10 20:38,Rasa: enak Tekstur: baik Kegunaan: untuk membuat kue Pesanan telah di terima dengan baik dan aman. Terima kasih kk,-
422,s*****u,5,2025-08-03 18:32,Rasa: enak Tekstur: enak gak kasar Kegunaan: untuk bolu ketan Harga murah dan cepat sampai bahan ini enak untuk membuat bolu ketan hitam tidak berpasir lembut. Jangan ragu untuk membeli 0:05,-
423,a*****5,5,2025-07-06 17:44,"Rasa: belum dicoba Tekstur: belum dicoba Kegunaan: cocok untuk bikin kue yang sedang viral Kualitas produk baik, barang datang dengan kondisi baik, sesuai dengan apa yang dipesan dan dipilih, pengiriman juga sesuai dengan tanggal estimasi tiba. Terima kasih 0:10",-
424,j*****a,5,2025-07-08 06:27,Paket tepung ketan hitam sudah sampai. Mao buat percobaan. Semoga rasanya enak. Pengiriman lumayan cepat dan aman. Terimakasih abang kurir dan seller. 0:05,-
425,nikaekawati251,5,2025-07-11 21:16,Rasa: blm dimasak Tekstur: garing Kegunaan: blm dicoba Sesuai gambat 1:00,-
426,enabunnn,5,2025-07-05 09:22,Rasa: enak dan memuaskan Tekstur: memiliki tekstur yang lezat Kegunaan: cocok untuk membuat anaka macam kue Orderan kedua. Balik lagi karena kualitas tepungnya emang bagus banget. Pertahankan yaa. Saran aja mungkin bisa juga adain yg kemasan 1kg. Terima kasih Update Penilaian,-
427,b*****a,5,2025-07-03 10:39,"Rasa: sangat lezat dan memuaskan Tekstur: memiliki tekstur yg bagus Kegunaan: cocok untuk membuat kue yg lezat Paket sudah datang dg baik.rapi dan tidak ada yg bocor.blm dicoba, semoga hasilnya ebak buat bolu ... hrsnya legit,Krn aku sudah prnh coba merk yg lain, hasilnya enak dan legit.mantul. 0:07",-
428,l*****5,5,2025-07-09 19:55,Paket sudah datang sesuai deskripsi Teksturnya halus Belum dicoba semoga enak 0:04,-
429,s*****2,5,2025-07-06 13:45,"Banyak yang bilang kalo tepung ini tuh enak banget dipake buat bikin bolu, jadinya aku nyoba. Semoga beneran enak. Thanks seller 0:09",-
430,ana1504,5,2025-07-08 08:59,Barang sesuai dengan pesanan harga standar pengiriman lumayan packing aman pokoknya recommended seller,-
431,augustien8,5,2025-07-02 17:55,"Rasa: Ketan hitam Tekstur: halus Kegunaan: bahan kue Pesanan sdh diterima dg baik dikemas rapi dan aman, sesuai pesanan, proses order dan kirimnya cepat, terima kasih 🙏♥️",-
432,thienienidy,5,2025-07-04 12:10,Paket sudah sampai dan sesuai dg yg dipesan pengen buat roti yg lg viral itu 0:04,-
433,d*****a,5,2025-07-03 10:57,Tekstur: lembut Kegunaan: membuat bolu ketan hitam Pengemasan baik.. berat sesuai.. pengiriman cepat 0:04,-
434,idza215,5,2025-07-04 22:58,Rasa: enak wangi Tekstur: bikin bolu jdi lembut Kegunaan: buat bolu ketan,-
435,dharoenkputrapetir,5,2025-07-03 18:06,Rasa: kue Tekstur: lembut Kegunaan: membuat kue Alhamdulillah paketnya sudah sampai 0:07,-
436,w*****8,5,2025-06-25 17:38,"Rasa: belum di coba gak tau rasanya Tekstur: memiliki tekstur tepung lah Kegunaan: buat masak bolu ketan kukus keju lumer yg lagi viral Belum sempet di coba , lagi ngumpulin mood nya dulu ,baru nanti deh bikin kue bolu ketan kukus keju lumer yg lagi viral, makasih ya untuk seller makasih ya untuk shopee 0:08",-
437,puspamardina,5,2025-06-29 18:59,Rasa: ketan hitam Tekstur: halus Kegunaan: perboluan Alhamdulillah sampai juga tepung ketan yang lagi viral n langka... Mungkin ramai yang order jadi pengiriman agak lambat di proses... 0:07,-
438,msidik25,5,2025-07-01 16:38,Rasa: enak tidak berpasir Tekstur: bubuk Kegunaan: cocok membuat kue Pengiriman oke Barang oke,-
439,a*****2,5,2025-06-30 12:55,Rasa: blm coba Tekstur: blm coba Kegunaan: membuat bolu Mksih paketnya sdah smpai barang sesuai gambar semuga nanti jd kue yg enak dan jd seperti yg ku inginkan 0:06,-
440,sitihalimatus035,5,2025-06-30 11:10,"Tekstur: memiliki tekstur lembut Kegunaan: cocok membuat kue barang sesuai,belum di coba semoga enak maksih seller",-
441,s*****n,5,2025-06-30 12:23,Rasa: belum tau belum dicoba Kegunaan: untuk membuat kue bolu ketan hitam keju lumer virak 0:06,-
442,idza215,5,2025-06-30 16:51,Rasa: sangat legit enak Tekstur: lembut. Kegunaan: cocok untuk bolu yg lagi viral 0:14,-
443,zagitaarie,5,2025-06-29 09:29,Rasa: lezat Tekstur: lembut Kegunaan: untuk membuat kue,-
444,alanialanifirda,5,2025-06-25 19:55,Cocok Untuk: bolu Kualitas: blm tau baru mau cba klo nanti hasilnya bgus asli ketannya next bisa order lg maaf telat rivieww 0:05,-
445,asniyati2511,5,2025-06-26 12:14,Alhamdulillah paket sudah sampai pengiriman lumayan cepat packing barang rapi tepungnya masih lama kadaluarsanya 0:05,-
446,violitasaridewi,5,2025-08-16 02:39,"Rasa: apek Tekstur: kasar Produk: Kualitas buruk Pertama kali beli oke, warna bagus, tepung tidak terlalu ber aroma. Makanya repurchase. Tapi kali ini, maaf bgt tapi tepungnya apek. Setelah dikukus apeknya lebih terasa lagi. Warna juga kurang hitam merata 2 ibra.olshop",-
447,ibra.olshop,5,2025-06-26 07:02,Kualitas: semoga bagus Cocok Untuk: kue Belum dimasak..semoga enak..mau bikin bolu ketan hitam keju 0:12,-
448,linafahmi27,5,2025-06-27 20:03,Rasa: enakkk Tekstur: lembut gurih Kegunaan: cocok untuk buat kue viral,-
449,kginap,5,2025-06-26 12:21,"Cocok Untuk: bolu Kualitas: sangat baik Puas sekali, tepung nya mantap pas sudah dieksekusiii. 0:14",-
450,nienieng,5,2025-06-14 05:50,Rasa: enak Tekstur: lembut Kegunaan: bikin bolu ketan hitam Meskipun harus bersabar order tepung bummi ini tapi hasilnya memuaskan. Jadi klo mau order jgn mepet² waktunya. Orderan saya yg kedua kalinya ini 1minggu baru sampai. 0:07 2 h*****k,-
451,h*****k,5,2025-06-27 07:23,Bagus tepungnya hitam dan yang pasti rasanya tidak berpasir,-
452,tiajupe77,5,2025-06-16 21:55,"Rasa: enak Tekstur: lembut Kegunaan: bolu Baru sempet ngasih penilaian, karena baru dibikin pake tepung ketan merk Bummi. Ini order yg pertama kali, tepung nya wangi dan enak jg rasa bolu nya. Cuman sayang aja pas order lama pengirimannya. Kl misal PO di tulis aja Kaa jd customer gak nunggu2 bolak balik melacak pesanan 😅🙏 over all bagus, enak. Makasiihh Kaa",-
453,uhanikk29,5,2025-06-13 19:18,"Rasa: belum coba Tekstur: bubuk Kegunaan: buat bolu Packing aman. Dan aku jg tau kalo ini dilubangi dikit biar engga kempes, terus dilapis 2 biar engga bocor, sipp bgt. Cuma sedihnya packing lama bgt. Semoga bisa improve yaa seller. Sukses selalu yaa😊🙏 0:07",-
454,shanty_mkasari,5,2025-06-14 16:30,"Mantap tepung ketannya pekat. Bagus, cuma pengiriman emang agak lama katanya lagi produksi dl. Agak bersabar tp nyampe tapat pada waktunya. Makasih ya 0:08",-
455,dewin15,5,2025-06-16 07:02,Rasa: enak Tekstur: kasar karena kan ketan Kegunaan: membuat kue viral Kue yg sy buat jd enak n bagus...sisanya tigl setengah sdh di pakai 1bungkus 1/2 0:10,-
456,l*****3,5,2025-06-15 10:17,Rasa: pada umumnya Akhirnya kesampean bikin. Produk pengirimannya ckup lama. Warna hitam ckup pekat. Enak. Oke buat ngobatin pnasaran😅 thankyou 0:04,-
457,iraherawati05,5,2025-06-13 17:00,Rasa: ok Tekstur: tepung Kegunaan: untuk kue Tepung ketan hitam ini cocok untuk cake 👍 semoga kue nya enak rasa nya 0:11,-
458,d*****4,5,2025-06-12 11:14,"Warnanya cantik, hitam pekat, enak pokoknya, bakalan beli disini lagi, recommended 0:04",-
459,nadiaalya2001,5,2025-06-12 15:32,"Kemasan rapih dan barangnya juga aman ,sesuai pesanan . 0:05",-
460,y*****e,5,2025-07-01 15:38,"Rasa: lembut Tekstur: halus Kegunaan: cocok membuat kue Udah habis 1 bungkus tepung ketan nya, Rasanya enak lembut di bikin kue yang lagi viral Gak bikin seret, harga cuma ramah di kantong Bakal order lagi di sini kalau udah habis 0:08",-
461,indah_ramlan,5,2025-07-03 17:29,"Alhamdulillah pesanan saya sudah sampai, barangnya blm d coba , mudah2an  bagus, terimakasih kak semoga usahanya lancar dan berkah 0:09",-
462,b*****e,5,2025-06-13 17:31,Rasa: oke Tekstur: oke Kegunaan: bolu ketan hitam alhamdulillah enaaak duh ini aja diawet awet isi 250gr ku bagi 2 emang dari dulu suka ketan hitam karna free gluten,-
463,ernisaman,5,2025-07-01 19:33,Rasa: lezat Tekstur: bagus Kegunaan: buat kue Kualitas produk baik pengiriman cpt recommended makasih yaaa,-
464,o*****i,5,2024-03-25 16:56,"Kualitas: yang di foto itu brownies pake tepungnya bummi. aroma dan rasa ketan hitamnya mantep, ngga kalah sama dark chocolatenya. Kemarin ini kepaksa bikin brownie pake tepung ketan hitam merek lain yg ada di toko deket rumah, ternyata hasilnya bagusan pake tepungnya bummi. Satu bungkus pas buat satu resep juga, ngga harus nimbang2 lagi. Kali ini packagingnya tiga lapis xD. Pake bubble wrap juga.Sudah pasti bakal repeat order ini mah. Thank you! 1 nandamoethy",-
465,nandamoethy,5,2025-06-30 08:06,Ketan hitamnya bagus enak banget Warna nya hitam pekat manul Makasii banyak ya kak,-
466,nienieng,5,2025-06-26 15:56,Kualitas: bagus banget Cocok Untuk: bolu Untuk pembelian ke 3 kalinya. Pokoknya recommended banget lah toko ini buat tepung ketan hitam nya.,-
467,niazulhakimi,5,2025-06-29 17:46,"Sampenya lama. Alhamdulillah ga ada yg bocor sampai dengan aman. Thanx seller , shope dan kurir. 0:09",-
468,a*****a,5,2025-06-16 22:57,Rasa: enak Tekstur: lembut Kegunaan: kue bolu Rasa kerannya brasa banget,-
469,susitriliyanti,5,2025-07-05 21:18,"Rasa: enak Tekstur: lembut tdk berpasir Kegunaan: bolu Tdk bau apek, tdk berpasir enak.. Langganan di sini utk selanjutnya 0:09",-
470,ik_yuni_rahmawati,5,2025-06-12 10:12,"Rasa: enak dan khas, pas tidaj terlalu manis Tekstur: sangat halus, khas beda dg brownies tepung lain Kegunaan: cocok umtuk membuat browmies kukus Harga murah dibanding seller lain. Thanks 0:11",-
471,momentreseller,5,2025-07-05 09:21,Rasa: ketan hitam Tekstur: lembut Kegunaan: cocok buat kue berbahan ketan hitam Terimakasih ka admin..paket tepung ketannya sampai cepat sekali👍 Selalu amanah ya dlm cepat memproses orderan 🙏 0:23,-
472,u*****a,5,2025-06-30 13:19,"Rasa: enak Tekstur: lembut Kegunaan: bikin kue Tepung ny so far sesuai, fresh Cm pengiriman agak lama, mungkin krn lg viral trs stok ny abis 😁",-
473,t*****e,5,2025-07-01 19:21,"Rasa: enak Tekstur: lembut Kegunaan: untum bolu ketan Terimakasih seller , next order lagi di toko ini...",-
474,usitmaulida,5,2025-07-08 11:00,Rasa: baik Tekstur: baik.baik Kegunaan: baik Peking aman Cepat Enak,-
475,i*****b,5,2025-07-09 09:41,"Rasa: enakk Tekstur: lembut Kegunaan: cocok buat bolu ketan Tepung ketan ini beda dari yg lain, rasa ketannya lebih enak, lembut, wangi",-
476,dedecholis,5,2025-07-02 12:54,Rasa: lezat Tekstur: textur yg bagus Kegunaan: cocok bikin kue Blom d coba semoga hasilnya bagus. Pengiriman cepat. Trimakasih shopee Nex order lagi 0:06,-
477,novitareviews,5,2025-07-03 20:55,"Ikut2an fomo bikin bolu, belum di coba tapi sepertinya meyakinkan, mudah2an hasil nya sesuai ekspektasi",-
478,p*****z,5,2025-06-25 06:57,"Rasa: legit, mantap Tekstur: ga terlalu grainy Kegunaan: bikin bolu ketan Ah enak banget pokoknya mantul 0:17",-
479,d*****h,5,2025-06-28 19:47,Rasa: blm dicoba Tekstur: lembut Kegunaan: bolu Alhamdulillah recommended seller trimakasih banyak 0:04,-
480,fitrisuciawati132,5,2025-07-08 11:05,"Rasa: enak Tekstur: lembut,tidak berpasir Kegunaan: cocok untuk bolu",-
481,7shjesmdg8,5,2025-06-27 05:49,Rasa: pas di lidah dan tidak terlalu manis Tekstur: sangat lembut dan kenyal Kegunaan: cocok buat kue yang lezat,-
482,d*****0,5,2023-11-14 14:56,"Cocok Untuk: cake Alhamdulillaah. Baru pertama beli di toko ini. Amanah. Service cepat, packing rapi. Aman gak bocor. Terimakasih seller dan abang kurir . Semoga selalu sehat. 0:09",-
483,stellafelicia420,5,2025-06-16 18:45,Rasa: memuaskan Tekstur: memiliki tekstur yang bagus Kegunaan: cocok untuk membuat kue (bolu) yang lezat 0:11,-
484,rosesriani,5,2025-12-18 16:18,Alhamdulillah sesuai pesanan 🙏👍,-
485,e*****i,5,2025-09-17 18:36,Rasa: enak Tekstur: agak kasar Kegunaan: bikin kue,-
486,annatasya_snack,5,2025-09-18 18:12,"Murah sih, tapi warna tepungnya abu2 😃",-
487,k*****g,5,2025-11-25 07:35,"Udah dateng sih, tp belum dicoba",-
488,suryaniiii20,5,2025-10-31 15:19,Bagus 👍👍👍 0:51,-
489,asma_laela,5,2025-08-31 21:11,Sesuai deakripsi,-
490,pocopoco186,5,2025-12-01 18:50,Kegunaan: ok,-
491,arniorchid,5,2025-08-18 11:40,Rasa: kyk beras Tekstur: halus Kegunaan: buat kueh,-
492,y*****d,5,2025-07-11 19:10,"Makasih ya paling murah ini dari toko lain,",-
493,nurulufah,5,2025-07-05 12:36,Pesanan sudah datang semoga hasilnya bagus,-
494,cinta_najla_muthya,5,2025-07-05 13:34,Bolunya enak,-
495,t*****7,5,2025-07-03 22:12,Baru mau coba,-
496,mutiaraayudia.s04,5,2025-07-02 17:33,Belum dicoba 🙏,-
497,khusnulmawwan,5,2025-06-29 17:40,Belum dicoba.kalau sesuai nanti order lagi,-
498,linaemran20014,5,2025-06-28 14:22,Rasa: belum coba,-
499,hijrotunnadia,5,2025-06-15 16:23,Siap di eksekusi,-
