No,Username,Rating,Waktu,Ulasan_Bersih,Sentimen
1,t*****a,5,2022-08-28 16:48,kualitas bagus cocok boluu nyampenya cepet eksekusi hasil muas bgt bolu pas mateng serbu sampe habis paro makasih seller next order nih,Positif
2,t*****9,5,2022-03-17 19:32,jenis tepung ketan hitam harga murah kualitas bagus beli tepung bikin bolu ketan pas lebaran liat sih kualitas tepung bagus packing rapih kirim jg cepet harga murah thanks eak,Positif
3,a*****2,5,2025-07-07 20:01,tekstur normal tepung ketan guna cocok kue solusi jitu biar ga rebut tepung ketan hitam pasar beli aja guys recomended harga sahabat kirim cepat mantap thanks nienieng,Positif
4,nienieng,5,2025-06-06 19:08,bolu guna bolu ketan hitam ori keju lumer kualitas pake tepung hitam pekat legit bgt bolu klo bolu suhu ruang terima kasih seller sukses usaha raiqa hijab langgan,Positif
5,Langganan,5,2022-02-05 10:19,jenis tepung ketan hitam harga murah kualitas ok yuk bantu umkm maju belanja toko emas harga ramah kantong kualitas ok,Positif
6,m*****3,5,2023-06-09 08:42,kualitas baikkk poll langgan toko cocok bolu kukus panggang,Positif
7,Langganan,5,2022-02-02 12:40,jenis tepung ketan hitam harga murah kualitas termantul pokok next order la rawo,Positif
8,3ra43w69o0,5,2025-08-05 12:41,banget tekstur lembut guna cocok kue tepung asli bagus banget kentan hitam banget beda tepung toko toko merek terima kasih toko amanah banget deh,Positif
9,1,5,2022-06-06 17:15,coba bikin bolu ketan hitam legit terima kasih seller lianawatihasibuan,Positif
10,lianawatihasibuan582,5,2025-06-17 14:03,komposisi beras ketan hitam alami produksi lokal indonesia,Positif
11,k*****i,5,2025-06-08 10:47,dbikin bolu ketan hitam hsilx bolu hitam pekat enk tektur kasar paking rapi,Netral
12,s*****u,5,2023-05-07 16:22,cocok bolu ketan hitam kualitas tepung emang bagus thanks,Positif
13,Anonymous,5,2022-06-06 17:15,coba bikin bolu ketan hitam legit terima kasih seller,Positif
14,0*****a,5,2022-07-24 13:47,sesuai pesan packing rapih aman kirim cepet terima kasih seller and shopee,Positif
15,a*****i,5,2025-06-09 13:36,pas guna pas tekstur pas alhamdulillah paket jual amanah gercep recomended terimakasih ka,Positif
16,1,5,2022-03-17 14:34,jenis bahan bikin makan harga murah kualitas emas rapi barang toko anjur terimakasih seller shopee,Positif
17,b*****i,5,2022-03-16 09:24,jenis kue ketan harga suka banget kualitas banget suka kirim super cepat awa,Positif
18,perawa1119,5,2022-04-12 09:10,jenis tepung ketan hitam harga bagussss kualitas moga bagus terima kasih barang terima,Positif
19,d*****a,5,2025-06-20 04:52,lezatt tekstur lembut guna cocok kue kirim cepat min barang bagus cacat harga mahal toko amanah laris manis tanjung kimpul,Netral
20,Anonymous,5,2022-03-17 14:34,jenis bahan bikin makan harga murah kualitas emas rapi barang toko anjur terimakasih seller shopee,Positif
21,desisna_10,5,2022-03-04 15:15,jenis tepung harga affordibel kualitas bagus kirim top markotop naynaycucunyaabahhaji langgan,Positif
22,Langganan,5,2022-02-16 11:22,alhamdulillah paket dah kualitas bagus kurir ramah kirim ceoat thanks seller mayhaikal,Positif
23,mayhaikal,5,2025-07-12 11:54,tekstur lumayan lembut guna cocok bolu harga murah kualitas lumayan bagus bagus nggak ngeres mulut makan yg nyari tepung ketan hitam jgn ragu order nex mo order,Positif
24,z*****a,5,2022-06-09 14:28,jenis tepung harga ribu kualitas blm coba terima kasih paket dah sampe komplit ga kl dah coba cocok beli lgi riyadiugie,Negatif
25,riyadiugie,5,2026-02-27 01:12,tekstur lembut bikin roti tepung rasa manis pas sdh coba pesan kali recommended pas pesan bikin roti puas banget sesuai ekspektasi,Positif
26,nafingatulum,5,2025-08-25 11:29,mantep tekstur pasir lembutt banget guna bolu brownies dll yg cobaaa ketan hitam bolu brownies banged hitam hasil rasane banget pasir lembut ga yg kasar wahh rekomended banget,Netral
27,b*****6,5,2025-08-11 15:03,tekstur bagus guna kue viral yg belanja merk tepung ketan tekstur pasir spt tepung ketan laris manis,Netral
28,Langganan,5,2022-03-04 10:49,jenis tepung ketan harga murah kualitas ok tepung ketan sampe ok makasih ella,Positif
29,ella150578,5,2022-03-29 15:47,jenis bagus harga ok kualitas ok alhamdulillah ketah hitam kualitas bagus kecewa pokok top bgt lalaajj,Netral
30,lalaajj123,5,2022-03-28 22:17,kualitas bagus jenis keta hitam harga jangkau kirim cpt harga jangkau sesuai pesan tsaulah,Positif
31,tsaulah,5,2022-04-09 20:32,jenis tepung harga jangkau kualitas smga bagus alhamdulillah terima dg,Positif
32,i*****y,5,2025-06-08 19:55,klo tekstur tepung ketan kualitas bagus tdk gumpal kirim lumayan pas chat jual krn habis stok produksi krn tep ketan hitam lg viral cake ketan hitam lumer smoga pas coba cake hasil bagus,Netral
33,Langganan,5,2022-03-17 11:09,jenis tepung ketan harga murah kualitas bagus barang sen ku sukses toko binbul,Positif
34,binbul3026,5,2026-04-15 07:40,tekstur suka tekstur pasir manis campur original ketan hitam rasa manis gurih pakai tepung jual kalo pesan trima kasih seller kirim dgn aman,Netral
35,kaniasukmayanti,5,2023-06-01 12:05,cocok bolu kue kualitas bagus pakai bolu hasil bagus emas jg pakai bublewrap augustien,Positif
36,augustien8,5,2025-08-09 19:58,ketan hitam tekstur lembut guna bahan dasar kue pesan sdh terima dg kemas rapi aman sesuai pesan proses order kirim cepat terima kasih,Positif
37,r*****m,5,2025-06-20 17:09,lwzat tekstur lembut guna kueee qangiii lagi ragu oder gusyyyy juhartiyah,Positif
38,juhartiyah,5,2025-06-23 11:14,khas beras hitam tekstur milik tekstur bagus warna hitam guna cocok bolu ketan hitam virall mantap,Positif
39,c*****i,5,2022-04-21 18:05,packaging paket aman pake bubble wrap seller ramah harga jangkau coba bikin kue moga hasil bagus thanks kak,Positif
40,d*****t,5,2022-04-26 16:47,coba moga bagus bikin kue pesan sesuai,Positif
41,m*****3,5,2023-06-22 22:37,cocok bolu panggang bolu kukus kualitas beneran loh,Positif
42,k*****a,5,2025-06-24 00:17,tekstur milik tekstur bagus guna kue pake jual ketan hitam keju lumer hasil bagus next order moga usaha beli amiinn,Positif
43,k*****d,5,2023-03-05 15:14,kualitas coba cocok bolu ketan hitam emas kirim cepat terimakasih seller moga berkah aamiin,Positif
44,r*****h,5,2022-07-02 15:05,pesan lengkap emas kirim standart makasih,Positif
45,inovey,5,2025-06-21 14:03,coba produk kirim sampenya cepat mgkn lap kardus bubble wrap ga mudah kerobek yg kerobek jd kalo plastikny lepas yg bubuk udh dipake hasil bagus,Positif
46,z*****6,5,2025-06-18 22:17,pas lidah tekstur milik tekstur bagus guna cocok kue lezat dwiriy,Positif
47,dwiriy19,5,2025-08-09 10:22,love kebon bgt sm tepung ketan hitam warna cantik tepung ketan item bgtttt terimakasih pk bu cipta tepung,Positif
48,l*****h,5,2025-07-18 14:24,tekstur lembut guna cocok kue bolu barang oke banget sesuai pesan tba pku,Positif
49,tba.pku,5,2025-08-26 15:13,kue tekstur halus guna aneka makan recommended tepung halus,Positif
50,6666hafsah,5,2022-08-09 19:17,alhamdulillah barang cepat amanah terima kasih shoppee toko online jasa kirim barang super keren sukses yaaaaaaaaaaaaaaaaaa,Positif
51,stefaniephiu,5,2023-04-04 13:48,cocok kue kualitas bagus emas rapi kirim cepat tau karna coba klo repeat order lg thx,Positif
52,m*****s,5,2025-07-11 21:49,lezat tekstur bagus guna adon kue bolu pack aging bagus shg kualitas produk jaga fitriaulya,Positif
53,fitriaulya733,5,2025-06-22 14:38,lezat istimewa milik tekstur lembut cocok kue tepung ketan lumer viral juhartiyah,Positif
54,juhartiyah,5,2025-07-15 09:37,milik citarasa lezat tekstur milik tekstur bagus guna cocok kue ketan hitam virall mantap beli si lilislisdaliawati,Positif
55,lilislisdaliawati,5,2022-09-13 07:30,kualitas cocok bolu kualitas harga murah emas kirim cepat best seller gitadp,Positif
56,gitadp,5,2025-06-09 14:05,tepung ketan hitam guna bolu brownies dll tekstur lembut eksekusi beneran tepung ketan hitam asli makasih seller,Positif
57,muslimahday,5,2026-01-12 09:29,terimakasih seller barang terima sesuai pesan pilih tepung kasih nilai tekstur tepung pasir coba bolu pasir terimakasih expedisi barang terima selamat,Netral
58,liviacicidahlia,5,2026-03-01 08:04,tekstur lembut ketan rasa ketan recommended produk bagus original kualitas bagus harga murah dpet voucher shopee neng war vouchee shopee dpet hrga murcee makasih,Positif
59,s*****2,5,2025-12-10 12:10,beli udah beli bolu banget sampe temenku nanyain bikin bolu ketan hitam xixixi,Positif
60,e*****y,5,2025-06-18 20:09,tekstur lembut pasir guna cocok bolu ketan warna hitam pekat kemas aman takut bocor lapis plastik tulis warning fragile lapis bubble wrap lapis plastik bening,Netral
61,d*****5,5,2025-08-08 17:47,tekstur lembut guna kue kirim cepat packaging aman terimakasih seller kurir shopee,Positif
62,shanum_1819,5,2025-06-09 13:56,guna cocok kue tekstur lembut tepung ketan hitam bagus emas ekp desember,Positif
63,miftanianieya,5,2025-08-08 11:44,ketan hitam tekstur bagus guna kue mantap ne sesuai jg trima kasih bnyk,Positif
64,a*****2,5,2025-08-25 13:46,tekstur tekstur tepung ketan guna cocok bolu ketan hitam,Positif
65,s*****a,5,2025-06-19 09:57,legit khas ketan hitam tekstur halus butir oven tepung guna cake legit kenyal khas ketan hitam warna cantik pekat tepung full oven kukus butir aga tp ttp ok yg pasir gimana gitu dwiriy,Netral
66,dwiriy19,5,2025-08-09 10:25,kaya legit tekstur lembuttt nyaman mulut guna cocok bust bolu ketan hitam terimakasih yaaa udah ciptain,Positif
67,n*****1,5,2025-08-27 22:49,maaf lupa ulas barang terima packingnya safety,Positif
68,q2woxx75nc,5,2025-07-28 13:34,muas tekstur milik textur yg bagus guna cocok kue barang cepet kemas bagus bocor sobek moga kue laris,Netral
69,sitinuranisukmayanti,5,2025-06-20 08:28,empuk wangi ketan asa tahan kualitas kak order yg order pc tp kirim pc tp alhamdulillah seller gercep lngsung refund kurang mkasih byk kak moga slalu lancar usaha aamiin,Netral
70,r*****y,5,2025-08-13 08:13,packingaan rapi produk aman tuju dapet harga promo beli moga terima kasih seller,Positif
71,irmana1981,5,2025-08-15 23:33,pas tekstur lembut guna bahan kue makasih tepung ketan ny smp kualitas bagus hrg jangkau kirim cepat packing rapi makasih reseller,Positif
72,dwiriy19,5,2025-08-09 10:24,bgt legit tekstur tekstur ringan guna cocok bolu ketan hitam suka bgt warna warna tuh dapet bgt,Positif
73,j*****i,5,2025-08-01 14:24,coba moga tekstur lembut guna cocok kue,Positif
74,aam.amalia67,5,2025-07-20 15:28,beli tepung ketan tepung lembut harum masir bolu pokok,Positif
75,i*****i,5,2025-07-07 07:15,coba moga tekstur milik tekstur halus guna cocok kue coba moga kadaluarsa tahun,Positif
76,m*****9,5,2025-06-21 13:49,cocok bahan kue kualitas bagus alhamdulillah paket selamat packing aman terimakasih,Netral
77,a*****2,5,2025-07-16 00:45,tekstur tekstur khas tepung ketan hitam kres kres guna bolu kukus saran aja kalo bubble wrapnya selap lap kardus salah sisi cutter dikit auto ambyar kemas plastik makasih laras trisnanti,Positif
78,laras.trisnanti,5,2025-06-06 18:29,bikin bolu jd bagus lembut ngembang sempurna menul banget gais dukung umkm ikketheaa langgan,Positif
79,Langganan,5,2022-03-05 12:18,paket mksih seller kurir ucial,Positif
80,ucial_07,5,2025-07-09 19:48,enakk puass tekstur haluss kasar guna cocok bangett boluu orderr,Netral
81,Langganan,5,2022-03-05 12:18,paket mksih seller kurir,Positif
82,tetisoleha,5,2025-07-12 00:01,tawar tekstur lembut guna kue bolu kemas aman dr segi harga muraj banding yg kirim cepat kwalitas ok,Positif
83,m*****3,5,2023-08-06 15:42,cocok bolu kukus bolu panggang kualitas andini,Positif
84,r.andini.p,5,2025-06-21 09:30,cocok kue bolu barang dgn aman ga nyru tepung ketan hitam susah bgt mahal dsni jangkau juhartiyah,Negatif
85,juhartiyah,5,2025-06-21 09:48,cocok kue ketan hitam viral kualitas bagus warna hitam bagus banget bikin bolu ketan hitam viral dwiriy,Positif
86,dwiriy19,5,2025-09-12 20:39,ketan baik bener deh suka banget cocok bolu sukaaa,Positif
87,wulanmeilani015,5,2025-07-19 10:50,pas tekstur halus guna cocok tuk bikin kueh,Positif
88,stellafelicia420,5,2025-08-02 11:56,pas lidah manis tekstur milik tekstur bagus guna cocok kue yg lezat,Positif
89,y*****y,5,2025-07-27 21:21,tekstur lembut guna cocok kue alhamdulillah pesan barang sesuai pesan cocok bolu ketan,Positif
90,sieklie540111,5,2025-12-09 09:24,tepung ketan hitam bikin kue coba moga kue sesuai selers,Positif
91,a*****a,5,2025-07-09 10:33,produk skripsi peoduk tdk rusak terima terima kasih yellysany,Negatif
92,yellysany,5,2025-07-17 15:22,ketan hitam tekstur bubuk guna bikin bolu chat admin kirim pakai dus takut pecah sobek kirim ga pakai dus untung aman ga da yg bocor nabilaazra,Negatif
93,nabilaazra_11,5,2025-06-09 01:42,muas enakk guna cocok bolu tekstur lembut pasir jual responsif barang cepat tekstur bagus,Netral
94,d*****l,5,2025-06-21 13:32,cocok makan kualitas ok alhamdulillah pesan anak suka bagus barakallah recomended seller,Positif
95,w*****g,5,2025-07-14 20:50,muas tekstur lembut guna kue terimakasih moga cocok kue mudah mudah beli terimakasih herawardana,Positif
96,herawardana,5,2025-06-11 07:57,mantap guna cocok kue tekstur halus,Positif
97,s*****l,5,2022-10-04 06:16,kualitas lumayan cocok kue bolu putu ayu alhamdulillah packing tingkat pakai plastik depany kasringga,Positif
98,kasringga,5,2022-03-24 17:18,jenis ketan hitam harga murah kualitas tau sampe tepung packing an aman banget pakek in bubble wrap sesuai pesan bungkus yg bungkus lubang buyar tepung pas buka tp ngk pp deh terima kasih anggi fitriana langgan,Positif
99,Langganan,5,2022-02-19 07:02,jenis bubuk ketan hitam harga murah kualitas,Positif
100,t*****9,5,2025-11-21 16:17,pesan kk terimakasih kualitas bagus coba smoga hasil muas,Positif
101,mianurmafiani,5,2025-06-23 12:10,paket terimakasih,Positif
102,c*****d,5,2025-08-07 10:24,kirim cepat packingannya aman pake bubble bikin bolu ketan hitam smoga,Positif
103,l*****i,5,2025-11-21 08:26,tekstur lembut guna cocok kue alhamdulillah paket sdh kirim cpt packing rapi hrga oke realpict terimakasih seller,Positif
104,wetriyputri,5,2025-08-30 22:02,desain menanrik bagus ukur pas sesuai kualitas bagus muas,Positif
105,i*****4,5,2025-11-14 17:57,tekstur lembut guna bolu ketan hitam alhamdulillah dapet harga murah pas kirim cepat enal,Positif
106,l*****i,5,2026-01-22 08:39,tekstur bagus guna kue alhamdulillah paket sdh kirim cpt packing rapih hrga oke realpict terimakasih seller,Positif
107,aripinbuana,5,2022-04-06 12:52,alhamdulillah paket terima kirim barang cepat barang sesuai pesan kurir ramah fitriaevisriwianti,Positif
108,fitriaevisriwianti,5,2025-06-17 08:01,mudah mudah ketan hitam asli sesuai harga makasih jendelabukushop,Positif
109,jendelabukushop,5,2026-01-06 13:08,lumayan tekstur lembut guna cocok ketan hitam mula cocok jual ketan hitam,Positif
110,y*****u,5,2025-09-04 14:05,tawar blm olah tekstur halus guna kue moga langgan kue tepung ketan hitam,Positif
111,r*****s,5,2025-07-19 10:50,guna ketan hitam mantap barang aman tuju langgan toko terimakasih seller,Positif
112,ikketheaa,5,2022-04-28 20:55,jenis tepung harga lumayan kualitas okee rencana bikin kue pas mudik nnti sanah mksih seller kurir,Positif
113,m*****8,5,2025-07-10 12:20,alhamdulillah barang selamat barang sesuai pesan paking aman rapih,Negatif
114,w*****a,5,2022-07-21 19:23,kualitas ok cocok sesuaiiiii murahhh lustyto hermawan,Positif
115,lustyto_hermawan,5,2025-09-12 19:46,alhamdulillah paket pgiriman cepat pgemasan rapih,Positif
116,a*****a,5,2025-08-07 15:00,guna kue offline nyarinya susah coba moga hasil muas,Positif
117,kimling19,5,2025-06-07 09:47,guna roti kualitas coba pesan ambil ednya kode produksi packing,Positif
118,a*****n,5,2026-02-28 19:47,tekstur ok ok rasa ok terima kasih kakak seller paket rumah aman lengkap cepat alhamdulillah,Positif
119,Langganan,5,2022-04-11 22:14,jenis tepung harga murah kualitas bagus sekian beli aman aja sih,Positif
120,k*****6,5,2022-08-31 21:23,alhamdulillah paket udah nyampe sore maaf kasih ulas thanks seller bang kurir shoppe nindy ps,Positif
121,nindy.ps,5,2022-05-29 15:49,sesuai pesan sesuai gambar terimakasih selaisegar,Positif
122,selaisegar,5,2025-06-22 21:36,salah variant satu tepung sagu tp yaudah lh indhiera,Positif
123,indhiera,5,2025-07-28 14:51,ketan hitam tekstur halus guna utk kue okeee,Positif
124,franiko88,5,2025-09-14 02:11,makasih shopee diskon beli barang deh,Positif
125,franiko88,5,2025-09-14 02:14,makasih shopee diskon beli barang deh,Positif
126,bunda_astrii,5,2025-08-08 14:36,gak pro sih tekstur kasar guna kue ketan organik jd asa rasa beras,Negatif
127,i*****y,5,2025-07-12 21:19,niat bikin bolu ketan hahaha takut susah nyari toko beli online deh wetriyputri,Positif
128,n*****h,5,2025-07-11 14:45,terima kasih seller pesan terima,Positif
129,joewitajoewita387,5,2025-10-22 17:41,alhamdulillah paket kirim cepat packing aman ga bocor harga murah toko amanah makasih seller makasih shopee makasih abang kurir,Netral
130,s*****1,5,2025-08-02 00:12,coba tekstur coba guna bolu kukus coba moga hasil bolu ketan hitam terimakasih seller moga sukses seller,Positif
131,tya_samsuri,5,2025-07-07 17:06,ketan tekstur halus guna kue paket sdh terima mkasih seller kurir,Positif
132,r*****s,5,2025-07-19 10:49,mantap barang aman tuju langgan toko terimakasih seller bittersweet cake langgan,Positif
133,Langganan,5,2022-04-19 05:55,barang oke harga sesuai kualitas kirim cepat sesuai maaf foto ga sesuai,Positif
134,r*****s,5,2025-07-30 15:07,mantap repeat order karna amanah kirim cepat terimakasih seller,Positif
135,m*****h,5,2025-06-18 07:20,lembut tekstur kaya pasir gt gk bikin seret xmcxcjay,Netral
136,x8mcx0cjay,5,2025-08-01 12:20,terima kasih exp cocok bolu,Positif
137,h*****r,5,2025-06-09 14:35,ketan hitam guna cocok bolu ketan hitam tekstur halus lembut gitadp,Positif
138,gitadp,5,2025-10-28 06:29,sanagat karna tepung proses oven tekstur lembut guna bolu kukus beli emang beda yg pasar tekstur lembut,Positif
139,t*****d,5,2025-06-06 12:25,iseng beli merk merk belah kosong gaes pasir warna hitam pekat rekomen,Netral
140,n*****y,5,2025-07-07 18:59,pesan darat cepat terimakasih yah kakak next order lagi,Positif
141,yandiyandhi,5,2025-06-06 12:28,eksekusi tepung ketan item bagus hasil jdi kya brownies item banget wangi,Positif
142,l*****3,5,2025-06-09 09:30,guna kue tekstur tepung kirim kode produksi exp date,Negatif
143,y*****i,5,2025-07-23 15:11,emas rapi kirim cepat barang sesuai pesan harga mirah makasih,Positif
144,n*****2,5,2025-07-29 12:17,alhamdulillah paket rumah rusak pengingiman aman cepat harga murah aroma ketan tepung kuat banget bun beli fomo ken bolu ketan keju lumer hasil terimakasih,Netral
145,w*****l,5,2026-05-02 14:40,cocok masak kue keran hitam kukus warna hitam pas ketan hitam nggak after taste aneh aneh gas beli,Positif
146,priscillawen,5,2025-12-24 11:17,khas ketan hitam tekstur pasir guna bolu suka sesuai harga,Netral
147,l*****v,5,2025-06-11 00:49,asa ketan guna cocok kue tekstur lembut sen nyoba yg virallll nandarafflesiagunodihardjo,Positif
148,nandarafflesiagunodihardjo,5,2025-07-13 11:00,bagus warna hitam ketan bagus tepung ketan bersih amhsnh,Positif
149,amhsnh23,5,2022-06-07 07:53,kualitas bagus banget bikin kue ga bantat murni ketan hitam asli,Positif
150,p*****s,5,2025-06-20 15:43,moga hasil bagus bolu ketan kukus update nilai enakk mantab faizannisas,Positif
151,faizannisas,5,2025-06-14 15:37,hasil kue pake tepung mantap,Positif
152,faizannisas,5,2025-06-14 15:37,hasil kue pake tepung mantap,Positif
153,fania.2011,5,2025-06-28 16:05,alhamdulilah sdh bikin kue sy upload tq rara marliany,Positif
154,rara.marliany,5,2025-06-19 08:37,kirim lumayan cepat cm barang bungkus aman blm coba mudah an tepung thanks seller prilly aulia,Positif
155,prilly.aulia,5,2025-06-19 15:58,blm tau tekstur lembut guna kue gimananya blm dicobain satrianurjagat,Positif
156,satrianurjagat,5,2022-02-07 00:50,leniprastyanii,Positif
157,leniprastyanii,5,2025-11-13 09:37,tekstur bagus guna kue alhamdulillah paket sdh kirim cpt packing rapi dpt potong hrga realpict dwn udh coba cocok bgt bolu ketan tekstur jg lembut ga bgtu pasir kyk tepung ketan merk terimakasih seller,Netral
158,aw389d478a,5,2025-12-15 20:06,tepung murah riah mantul kalah harga mahal top markotop mudah mudah order bolu order tepung situ thank you seller,Negatif
159,55e6efb8ai,5,2025-09-04 12:22,pas tekstur guna cocok utk kue terimakasih seller amanah paket dgn cepat bahan bagus pas cocok aneka kue tepung lembut all the best,Positif
160,mayawirda14,5,2025-06-18 14:44,bolu jdi enaakk wangi jga tepung recommended pokoknyaa,Positif
161,e*****i,5,2025-11-05 09:00,lezat tekstur lembut guna bikin bolu kukus ketan hitam jd uenaaakk pake tepung,Positif
162,aziezharr,5,2025-07-27 21:35,iri bikin bolu ketan pakai enakkk,Positif
163,d*****4,5,2026-02-11 21:28,tepung ketan hitam keju manis mas wkwk kalo yg suka yg sih wkwk beli pasar gitu sih,Netral
164,rintisayi,5,2025-07-11 07:25,tekstur lembut guna bolu dll blm cb in syaa alloh enk udah lm gk bkin bolu ketan item aasahmadbasit,Positif
165,aasahmadbasit,5,2025-07-31 13:52,tekstur lrmbut guna keue keyan hitam yg lembut gurih salimbakhtiar,Positif
166,salimbakhtiar368,5,2026-01-31 16:40,tekstur tekstur lembut krenyesnya guna bolu brownis ketan hitam alhamdulillah darat selamat recommended banget,Netral
167,yanti_kumasih,5,2026-01-30 19:17,tekstur lembut guna kue kirim cepat tdk safety kualitas bagus harga standar packing yg safety pecah pcs bocor pcs,Netral
168,ibunatikafakhri,5,2022-03-04 11:52,packing supercepat rapih kualitas produk oke ssuai deskripsi pngrimanny cpt bnget zes styhc,Positif
169,ze0s_styhc,5,2025-10-16 14:08,lezat muas tekstur halus guna kue alhamdulillah tepung ketan hitam original harga murah aroma wangi banget khas ketan hitam beli langgan ku suka terimakasih,Positif
170,m*****h,5,2025-10-29 20:34,kenyal tekstur milik tekstur yg beda dr yg lbh lembut tp msha da tekstur khas ketan hitam guna cocok bikin bolu,Positif
171,Langganan,5,2022-03-24 15:02,jenis tepung harga murah kualitas bgus hasil tepung pulut hitam makasih seller falichanura,Positif
172,r*****0,5,2025-07-17 16:31,arapungki cantik,Positif
173,stevenpranoto2,5,2025-06-19 18:40,barang terima sesuia pesan kirim cepat septiarisandi,Positif
174,septiarisandi,5,2025-08-06 14:33,udah kali order tepung ketan dr tepung ketan yg pakai beli toko bahan kue warna hitam pekat pas jadi bolu tarik masyaallah banget allah kasih jalan belanja seller inih moga konsisten aamiin,Positif
175,l*****8,5,2025-07-20 18:00,update nilai bagus bget hasil hitam pekat mantapp,Positif
176,f*****6,5,2025-06-10 10:49,lezat guna bikin bolu tekstur lembut terima kasih seller kirim minus harga jangkau tesataniabdj,Positif
177,tesataniabdj,5,2025-08-25 20:58,tepung tekstur lembut guna kue,Positif
178,r*****i,5,2025-12-21 18:16,order ketam hitam asli pasir,Netral
179,tyanuken123,5,2022-04-15 07:59,jenis cap bummi harga lumayan kualitas coba muhammadashfiyanur,Positif
180,muhammadashfiyanur,5,2025-12-07 17:34,halus lembut hitam klo jd,Positif
181,l*****a,5,2025-12-09 20:06,tepung ketan halus bersih kualitas bagus cocok banget bikin kue tradisional kirim cepat packing rapi barang sesuai deskripsi tepung fresh gumpal hasil masakan lembut pulen recommended seller,Positif
182,ismi_sw16,5,2025-06-09 11:15,aja guna kue tekstur bulir enakk ga apek bolu after matang jiga warna hitam baguss pandai aja yy masak joeddtania,Netral
183,joeddtania,5,2025-06-08 14:50,guna mantap kualitas ketan hitam asli gurih mantap terimakasih bgt jgn ragu beli,Positif
184,nulmahbeby,5,2025-07-12 17:33,tekstur guna bikin kue alhamdulillah darat selamat sempurna lengkap komentar jelek taufikdago langgan,Netral
185,Langganan,5,2022-04-22 16:19,harga murah kualitas oke bikin bolu cepat ilarahja,Positif
186,il1arahja2,5,2025-11-05 18:08,guna cocok untk kue kli beli blm coba recook lgsg psn donk,Positif
187,r*****n,5,2023-06-10 07:38,f bpxo bz,Positif
188,f_bpxo_0bz,5,2025-11-19 12:49,crenyes tekstur ketan kasar guna cocok kwe ketan kreyes tekstur kasar dikit beda tepung ketan putih alus lembut lumer,Netral
189,vinisriruhiman,5,2025-06-13 18:14,wangi tekstur halus guna bikin bolu hasil warna bagus hitam pekat,Positif
190,defriyanti450,5,2025-06-18 18:18,packingan aman dr bentuk bahus good quality tdk,Positif
191,tikamaliyatul,5,2022-04-14 11:14,jenis harga jangkau kualitas sangaat bagus,Positif
192,vennoyee,5,2025-08-11 18:11,murah sih tp berat tdk gram dikit,Negatif
193,jalansehat125,5,2023-06-10 06:28,cocok bikin kue kualitas bagus akhirya tunggu datng udah gk sabar pengwn bikin moga beli,Positif
194,a*****i,5,2025-06-20 16:55,awda,Positif
195,aw389d478a,5,2026-02-27 15:28,tepung mantap bolu ketan hitam langgan thank you seller tahan mudah mudah next time diskon,Positif
196,arfinggi,5,2025-07-08 20:11,kirim cepet tepung bagus,Positif
197,akbarplastikdanbahankue,5,2025-06-08 12:31,aman,Positif
198,chelre_26,5,2025-10-19 15:46,tekstur lembut guna kue tepung yg bagus bolu keju lumer tepung wangi apek langgan beli,Netral
199,warnisihasih,5,2025-08-10 05:20,kue tekstur lembut guna cocok bikin inan kue,Positif
200,miftakul_huda333,5,2025-07-15 17:03,gurih tekstur kasar guna bahan kue bolu kue basah produk apek beda merk yg laen,Negatif
201,a*****u,5,2025-06-10 17:03,kuat ketan oke bgt tekstur bolu ga kasar bgt saring warna item pekat guna bolu kukus ketan tekstur bolu kukus ketan ga bantet gatau ngembang dikit tp ga bantet repeat order sih kek bener ga abu minim ketan hitam strong,Netral
202,ani.yuliani,5,2025-12-14 04:43,lezat tekstur lembut guna cocok bahan kue nyoba produk hasil empuk kenyal kue,Positif
203,n*****6,5,2025-07-31 00:07,moga tepung ketan hitam sen deh hehehe asti,Positif
204,asti001242,5,2025-07-10 17:57,gk tau gi coba tekstur lembut guna kue sesuai ekspektasi cuman blum tau hasil lgi coba bikin kue bolu lumer,Positif
205,n*****8,5,2025-08-12 16:20,pas tekstur bagus guna kue mndrt dngn slmt bagus,Positif
206,budisastrini,5,2025-11-01 15:47,muas tekstur lembut guna kue lezat,Positif
207,saanissaa,5,2025-10-02 08:11,lezat tekstur lembut guna cocok bikin kue,Positif
208,azizarahma2101,5,2025-10-31 15:44,blm rasain tunggu kirimin mertua aja guna bolu mertua,Positif
209,dewikunthi88,5,2025-07-11 18:02,order yg kali murah kue ga krenyes bangett enakk,Positif
210,widaazahrahidham,5,2025-09-21 17:37,bgt tekstur lembut guna cocok makan yg lezat,Positif
211,d*****4,5,2026-02-11 21:30,tepung ketan hitam keju manis mas hehe makasih info mbak wkwk nyoba sih mas wkwk emang gak,Positif
212,a*****y,5,2025-06-22 18:59,sesuai selera thankyou seller abang kurir sukses,Positif
213,k1204010100356,5,2025-06-19 16:26,enak ituhhhh udh co beli,Positif
214,karinasafana,5,2022-06-10 16:48,jenis tepung harga standar kualitas bagus udh coba bikin boku ketan tp anak suka,Positif
215,sintaikahapsari,5,2025-06-19 20:11,barang sesuai pesan kualitas ok,Positif
216,nyomanyudiarta76,5,2025-06-16 15:14,muas tekstur lembut,Positif
217,w*****_,5,2025-10-26 17:16,ketan hitam tekstur lembut tepung guna kue boltem,Positif
218,suharti12april,5,2026-03-14 18:19,terimakasih kirim moga tambah sukses laris manis berkah usaha aamiin,Positif
219,a*****1,5,2022-05-28 18:42,jenis bubuk harga tetjangkau kualitas ok langgan ajj next order,Positif
220,uunmaharanis,5,2026-02-20 13:56,tepung kasar halus aroma sedap,Netral
221,a*****i,5,2025-07-30 19:31,alhamdulillah bikin kue bolu lumer mmica,Positif
222,m4m4ica,5,2025-12-17 19:19,langgan beli tepung bau hitam pekat,Netral
223,meilaningsih1305,5,2022-03-18 12:40,jenis harga ok kualitas,Positif
224,14fitrimariana,5,2025-06-08 13:16,mantap sesuai ucap terima kasih kunjung selamat,Netral
225,yellysany,5,2025-08-31 11:06,tekstur lembut guna cake ketan hitam beli harga murah kualitas dgn yg harga mahal update nilai tepung ketan hitam harga ekonomis kualitas ok yg harga mahal,Netral
226,t*****2,5,2025-08-07 19:15,brg cepat beli moga goreng krispi,Positif
227,nurul.irawat1,5,2022-03-17 19:28,jenis tepung harga ribu kualitas paket aman sesuai pesan expired ga liat euy,Positif
228,theresiainawati157,5,2025-08-02 21:26,aroma wangi tekstur lembut guna cake cocok merk yg,Positif
229,nandamoethy,5,2025-06-20 22:14,kalo bgus order yg yah kaka dsni packing aman pakai plastik alhamdulilah selamat,Negatif
230,ekaerwana237,5,2025-06-10 20:12,meemuaskan guna cocok bikin bolu tekstur bagus pas,Positif
231,kusnulf,5,2025-12-26 16:57,suka bgt bagus banget pokok sukses trs toko amanah lari manis terusss,Positif
232,tantie_18,5,2025-10-17 23:48,hasil kue wangi suka,Positif
233,a*****0,5,2026-04-26 22:29,dr merk lg yg dcoba pulen gt bikin bolu kukus,Positif
234,Langganan,5,2022-04-16 16:49,barang bagus cepat kualitas oke harga murah pokok juara,Positif
235,githabitaufik3,5,2025-10-25 10:55,puas packing aman udh langgan beli disni,Positif
236,paramastri03,5,2025-09-14 04:19,bikin bolu wangi,Positif
237,u*****e,5,2025-07-29 07:15,coba tau hasil enal bagus hasil bagus next order jalebiprasad,Positif
238,jalebiprasad,5,2022-05-18 08:01,harga murah kualitas bagus,Positif
239,galihaiiu20,5,2025-08-09 17:41,hitam pekat legit masak,Positif
240,divat0x,5,2025-07-21 07:54,lezat tekstur bagus guna kue lezat bagus,Positif
241,hetti_mulyati,5,2025-10-31 18:33,kirim cepat pesan sdh terimakasih seller,Positif
242,v*****3,5,2025-12-05 12:49,lembut bolu pokok rekomended dah yg beli toko makasih seller kirim cepat banget,Positif
243,albabyshop4,5,2025-07-27 21:58,lezat tekstur lembut tdk pasir guna kue warna pekat merk sukaa sekali next order thank you,Netral
244,msidik25,5,2025-06-27 18:35,pasir tekstur tekstur bagus guna cocok kue kirim,Netral
245,_*****e,5,2025-07-12 13:43,bolu ketan hitam banget,Positif
246,mulya.filter,5,2025-11-27 15:12,cocok utk bronis kukus teman mpe beli mana,Positif
247,mamaiii75,5,2025-07-31 09:04,aman no bocor bocor moga bikin kue harga jangkau exp aman boahancock,Netral
248,boahancock06,5,2025-06-19 15:11,tepung ga bau murah makasiiii,Netral
249,k*****1,5,2026-01-16 12:58,tepung ketan bummi tanni mantul legit no debat,Positif
250,queenabell_corner,5,2026-05-07 06:44,bagus bikin kue lembutb,Positif
251,leniprastyanii,5,2026-02-20 21:44,tekstur bagus guna kue alhamdulillah paket sdh kirim cpt packing rapih hrga oke barang realpict terimakasih seller,Positif
252,nurulhaniyah017,5,2025-08-03 08:38,tekstur lembut guna bolu ketan hitam terimakasih seller,Positif
253,Langganan,5,2022-04-16 18:55,kirim sngat cpat,Positif
254,theresiainawati157,5,2025-07-28 18:10,blm coba bungkus bocor,Negatif
255,theresiainawati157,5,2025-07-28 18:10,blm coba bungkus bocor,Negatif
256,k1204010100356,5,2025-06-19 16:30,sen kli lngsung,Positif
257,d_ariastuti,5,2025-12-17 13:35,paket ketan warna bagus kalautuk bolj kukus langganam suka thanks seller shopee,Positif
258,vannyseptia29,5,2026-04-21 12:37,jugaa makasiiii,Positif
259,nandamoethy,5,2025-07-15 20:29,langgan pokok kak maksi kak amanah,Positif
260,mirmagadis30,5,2025-07-01 20:49,moga bikin bolu,Positif
261,d*****e,5,2025-07-25 08:34,mntp pis pokonyaaa,Positif
262,duwiisharyanti,5,2025-07-05 12:51,tekstur lembut guna bolu,Positif
263,magda99,5,2025-06-20 13:42,premium coba si besok baking,Positif
264,leniprastyanii,5,2026-04-24 17:40,tekstur lembut alhamdulillah paket sdh kirim cpt packing rapih hrga oke barang realpict terimakasih seller,Positif
265,murilia69,5,2025-06-22 11:54,bikin yg viral pake merk thank seller,Positif
266,peni021,5,2025-07-07 17:09,bek tetep kirim packingnya aman banget makasih min,Positif
267,muhammadvirza033,5,2025-07-09 19:42,makasih banget kirim cepat,Positif
268,d*****4,5,2025-09-14 09:19,suka beli warna bener bener gelap cantik banget hasil,Positif
269,my_hilyah,5,2025-07-07 19:13,bagus tepung ketan,Positif
270,dinafw796,5,2026-02-08 12:56,ga tengik tekstur bagus guna kue beli muas respon cepat produk kualitas bagus,Netral
271,umastore88.id,5,2025-09-09 17:39,tepu ga apek fres,Netral
272,e*****9,5,2025-07-28 07:36,kirim cepat packing aman harga murah kualitas ok recommended makasih seller,Positif
273,e*****9,5,2025-07-28 07:51,kirim cepat packing aman harga murah kualitas ok recommended makasih seller,Positif
274,d*****3,5,2025-08-11 20:10,ok tekstur bagus guna kue,Positif
275,a*****n,5,2025-06-19 15:29,ok tekstur ok guna pas bgt bolu terima kasih kaka seller paket lengkap cepat alhamdulillah,Positif
276,s*****i,5,2025-10-26 19:47,gak bikin perut gak nyaman smoga amanah trus mkasih seller berkah,Positif
277,pe5tf2s63j,5,2025-06-29 09:56,produk sesuai pesan tp blm coba moga bagus smp dlm,Positif
278,nurul2502,5,2025-07-15 19:55,barang sesuai,Positif
279,a*****n,5,2025-07-11 21:57,ok tekstur ok guna ok terima kasih kakak seller paket aman lengkap alhamdulillah,Positif
280,linda_yana_budiman,5,2025-12-17 05:03,ok tekstur ok guna ok ok,Positif
281,giskaestynara,5,2025-07-21 20:48,bom tau moga sesuai ekspektasi,Positif
282,d*****i,5,2022-06-10 18:58,maaf kasi bintang krn gak tgl exp saputra aan,Positif
283,saputra_aan,5,2025-08-11 15:18,pas tekstur lembut guna lezat,Positif
284,d_ariastuti,5,2026-02-26 16:32,paket terima thanks seller shopee,Positif
285,jastipsaudi,5,2025-06-18 13:09,alhamdulillah terimakasih barang aman vitriadewibinawati,Positif
286,j*****a,5,2025-06-06 17:16,moga depan packagingnya,Positif
287,v*****o,5,2025-08-07 15:51,ok tekstur kenyal guna ok,Positif
288,ica221,5,2025-08-23 04:50,produk barang rusak maaf ku kasih bintang dlu barang pecah bubble wrapnya pelit klo ngirim jenis tepung bubble wrapnya tebalin jgn pelit,Negatif
289,t*****2,5,2025-08-08 05:20,produk kualitas buruk warna pucet bgt abu beli bagus warna hitam pas beli warna gin update nilai nxlput,Netral
290,n0xlput,5,2025-08-02 16:58,terimakasih seller and kurir paket selamat moga,Negatif
291,erma46253,5,2025-08-03 15:39,harga murmer,Positif
292,l*****a,5,2025-10-26 18:09,ok tekstur lembut guna utk kue barang pesan terima reapon seller,Positif
293,z*****z,5,2023-09-24 19:56,muas milo dancow,Positif
294,milo.dancow,5,2025-10-30 20:52,kirain gram cm gram slh baca,Positif
295,y*****8,5,2025-11-08 21:28,kakak bagus si kemas bocor,Netral
296,z*****z,3,2023-09-24 19:56,muas,Netral
297,n*****a,5,2026-06-14 17:02,tekstur lembut tdk pasir yg khas rasa bolu ketan hitam sdh repeat order bolu ketan hitam,Netral
298,muthins,5,2026-01-24 00:59,enakk tekstur ga seret mulut guna cocok bikin bolu ketan,Positif
299,shafira8,5,2026-03-10 17:03,rasa buka bawah robek robek dalam plastik bening produk barang rusak,Negatif
300,b*****6,5,2026-03-26 23:19,tekstur cocok tekstur lembut tepung gurih manis rasa manis udh ragu tepung ketan yg cocok jual suguh keluarga thanks kirim cepat aman,Positif
301,tiafatmaarga,5,2026-01-21 18:26,coba tekstur bagus kadaluarsa guna kue bolu,Netral
302,fransiscussitepu,5,2026-05-25 08:13,tekstur halus lembut murni ketan hitam rasa coba tp legit lembut beli suka moga tekstur ubah terimakasih seller,Positif
303,s*****5,5,2026-01-26 20:33,tekstur lembut guna bolu ketan lumer lembut cantik,Positif
304,aw389d478a,5,2026-01-24 14:16,tepung murah riah mantap terima kasih seller berkah barokah,Positif
305,y*****y,5,2025-11-12 11:21,ketan tekstur halus guna kue harga murah karna diskon kirim cepat produk bagus top amanah toko,Positif
306,b3ll3maison,5,2025-10-25 17:11,bikin bolu tekstur halus kayak tepung guna cocok kue bolu kukus ketan itam,Positif
307,a*****d,5,2025-08-21 10:20,bagus hitam pekat rekomended tp ngirimnya huhu thnkyu seller,Netral
308,s*****t,5,2025-08-20 20:06,bagus packing ok kirim lumayan cepat kurir thanks,Positif
309,lifwid,5,2025-11-01 10:35,packing aman tepung ketan asli campur apa rekomendasi,Positif
310,asniyati2511,5,2025-10-25 14:32,alhamdulillah paket kirim lumayan cepat order kali,Positif
311,n*****i,5,2025-11-11 20:33,tekstur lembut guna kue alhamdulillah paket nyampe kemas rapi tekstur lembut guna kue,Positif
312,i*****4,5,2025-11-29 15:47,lezat muas tekstur tekstur yg bagus guna cocok kue kirim cepat harga murah kue lezat,Positif
313,gitadp,5,2025-11-02 13:14,cocok baking kualitas banding merk karna proses oven co toko moga harga stabil kualitas,Positif
314,leniprastyanii,5,2025-11-02 09:29,kualitas ok cocok kue alhamdulillah paket sdh terima packing lumayam rapi kirim cpt hrga oke blm coba beli moga enakk terimakasih seller,Positif
315,0*****v,5,2025-11-02 20:52,pesan tepung beras ketan hitam serbaguna kue emas aman cepat makasih seller tim shopee,Positif
316,p3r3mpu4an,5,2026-03-07 15:09,alhamdulillah barang selamat komentar terimakasih kerjasama,Negatif
317,emmaindra26,5,2025-11-11 20:02,jual bolu ketan hitam keju lumer laris manis terimakasih seller abang kurir,Positif
318,musrifaifa323,5,2026-03-07 17:52,tekstur tekstur lembut kelihatanya rasa beli coba,Positif
319,r*****g,5,2026-03-18 17:56,tekstur teksturnua lembut tepung harum rasa harum lembut siang paket sore eksekusi bikin bolu ketan hitam keju lumer sekian purnama ga penasaran update nilai siang paket sore eksekusi bikin bolu ketan hitam keju lumer sekian purnama nyari tepung ketan hitam daerah ga beneran enak pakai tepung merk ga bau apek murah langgan deh,Netral
320,ranti5293,5,2025-11-29 09:16,maaf lupa moto tepung kue hehee gak ngeres banget trus wrna hitam bagus hrganya murah nnti order lgi kue jdi tmbh,Positif
321,lina911703,5,2025-11-29 13:02,barang bagus kirim cepat cepat respon lumayan tengkyuuu,Positif
322,d_ariastuti,5,2025-10-25 21:34,paket kirim cepat moga keran dagang latis repead order thanks seller shopee,Positif
323,a*****a,5,2025-09-16 14:38,legit tekstur lembut guna kue bolu masyaallah kemarin nyoba beli bungkus bungkus aisyah,Positif
324,aisyah1007,5,2026-02-22 03:12,tekstur,Positif
325,edhysuhardimanhermawan,5,2025-10-27 16:46,ok tekstur ok guna ok,Positif
326,rilahfelani,5,2025-11-20 11:53,moga tekstur cocok lidah,Positif
327,dwisuwono,5,2025-11-11 19:02,bagus bngt tepingnya,Positif
328,kurniaty09,5,2026-03-12 10:56,moga,Positif
329,rojanaah,5,2025-06-23 10:32,packing tepung buka,Positif
330,Membantu?,5,2022-11-21 15:24,kualitas blm coba tp kliatannya ok banget cocok bikin bolu alhamdulilah paket dah sampe selamat kirim rapi moga amanah lancar toko jual yg trima kasi sopee aplikasi km bantu anafocke,Netral
331,anafocke1990,5,2022-03-27 10:43,jenis tepung ketan hitam harga murahhhh kualitas tau coba merk nur,Positif
332,564nur173,5,2025-07-18 12:26,blm coba tekstur lembut guna perlu masak barang terima kondisi packing aman pakai bubble wrap sesuai pesan moga next beli bcnvkah,Positif
333,bcn2v46kah,5,2023-05-03 18:29,paket sdh blm dcoba sptnya bagus kirim jg cepat trmksh seller kurir,Positif
334,Anonymous,5,2022-11-21 15:24,kualitas blm coba tp kliatannya ok banget cocok bikin bolu alhamdulilah paket dah sampe selamat kirim rapi moga amanah lancar toko jual yg trima kasi sopee aplikasi km bantu,Netral
335,ekokurniawan20,5,2025-08-11 00:18,nyoba tekstur lembut guna bikin bolu kirim cepat rencana mo bikin bolu caramel ketan hitam moga cocok,Positif
336,dwi_agustina7sj,5,2025-12-15 10:31,blom coba moga enk tekstur blom buka moga lembut ga pasir guna cocok kue basak ato kering pingi bikin rukuk isi kelapa spesial untung dishopee tepung ketan hitam jd praktis ga nyelep,Netral
337,cantikasalonmalang,5,2025-07-23 14:49,blm coba guna bahan kue alhamdulilah pesan sdh paking aman bikin kue trimakasih,Positif
338,fransiscussitepu,5,2025-08-22 12:49,blom coba tekstur halus guna bahan kue bolu ketan hitam terimakasih seller barang sdh terima kondisi moga berkah,Positif
339,zhetisya06,5,2025-08-08 17:01,coba tekstur halus guna kue ukur expired juli,Positif
340,donikaysani,5,2025-07-29 13:59,coba tekstur halus guna adon kue barang sesuai pesan moga masak yayuklovesadewo,Positif
341,yayuklovesadewo,5,2025-07-25 18:09,tepung ketan hitam blm coba tekstur lembut halus guna utk mcm kue alhamdulillah tepung ketan hitam sdh smpe sih tp aman kurir makasih,Netral
342,s*****2,5,2026-02-27 23:31,tekstur cek blm coba rasa coba dipostingan dokter diig kue ketan pakai ketan bummi penasaran beli sayang blm eksekusi kendala alat,Positif
343,u*****7,5,2025-07-30 16:23,blm coba tekstur halus guna cocok bikin kue respon jual bagus kirim cepat paking aman krn kemas yg pecah,Netral
344,f*****s,5,2025-08-12 15:36,bom coba tekstur lembut guna cocok kue kirim lumayan cepat harga jangkau kirim,Positif
345,o*****i,5,2023-08-14 10:23,kualitas ngga tanggal expired produksi btw emas standar kirim produk sempet coba sih pas paket pas tangan kanan bengkak cakar kocheng udah niat bikin bolu,Positif
346,mamakyeisya,5,2025-07-11 17:13,blm coba tekstur bagus guna kue,Positif
347,a*****2,5,2025-06-28 18:11,coba tekstur coba guna cocok bikin bolu yg viral check out tepung ketan hitam gara fomo ken bikin bolu ketan hitam lumer or brownies ketan hitam keju karamel oktavianinastiti,Positif
348,oktavianinastiti_,5,2025-06-10 12:00,coba guna kue tekstur tau sukaa sihh barang coba,Positif
349,s*****r,5,2025-07-12 05:37,blm coba tekstur blm tau guna cocok bolu ketan sayang exp respon jual kakkk exp nchefz,Positif
350,nchefz,5,2025-11-20 17:36,terima kasih bom coba engga,Positif
351,farezkashop,5,2025-07-12 20:30,coba tekstur lembut guna bikin bolu ketan hitam ken nyobain bikin bolu ketan hitam viral susah banget beli toko offline beli shopee makasih seller,Positif
352,yuniasriwiyati,5,2025-07-10 10:44,barang cepat aman harga jangkau packing standar cobain moga aja bagus,Positif
353,o*****5,5,2025-10-23 06:58,coba tekstur oke guna bolu rencana bolu kalo hasil oke order lg thx seller,Positif
354,linachan422,5,2025-11-01 15:52,blm coba tekstur sm tepung guna bolu,Positif
355,wahyu130589,5,2023-04-06 23:09,cocok bikin bolu kualitas blm coba terimakasih kak pesan terima moga sukses kak hanadewi sd,Positif
356,hanadewi.sd,5,2025-07-02 11:18,blm coba tekstur tepung guna bolu dll atrisudaryati,Positif
357,atrisudaryati,5,2025-07-04 14:46,blm coba tekstur tepung guna kue,Positif
358,kamucantik14,5,2025-06-12 00:49,dcoba tekstur lembut guna utk kue bolu ketan,Positif
359,umayhasim31,5,2026-02-04 19:43,coba tekstur tau guna kue moga cocok bismillah,Positif
360,a*****6,5,2025-07-31 19:27,coba tekstur halus guna makan dwianggia,Positif
361,dwianggia29,5,2025-07-13 10:18,coba coba moga legit biar beli terimakasih,Positif
362,1971irma,5,2025-07-09 08:31,coba tekstur tepung lembut guna utk bikin bolu paket aman packing rapih exp terima kasih,Netral
363,v*****i,5,2026-04-11 16:46,tekstur cobaa moga sajaa sesuai yaaa seharusnyaa sii coba rasa coba rasanyaa tumpaah plastik nih moga kurang,Positif
364,evitadiana02,5,2025-07-17 18:56,coba tekstur buka guna bolu ketan hitam keju lumer,Positif
365,renirohmah113,5,2025-06-18 18:26,blm coba tekstur lembut guna kue tepung ketan hitam mudah an kue,Positif
366,ikayumiati747,5,2026-03-15 21:20,tekstur kualitas bagus pacing bagus kalo coba kalo dah coba aya baru,Positif
367,mustikaraturatu298,5,2025-07-04 15:14,blm coba tekstur lembut guna kue,Positif
368,yosephinesr,5,2025-11-05 18:48,blm coba jd blm tau tekstur maaf br sampe blm buka guna utk bikin kue,Positif
369,n*****1,5,2025-11-18 18:22,coba tekstur halus guna bolu ketan hitam lumer packing aman tang kemas resep bolu yg lg viral nih harga jangkau btw daerah ku yg udah habis stok,Positif
370,niningarifin768,5,2025-11-03 18:20,tepung sdh dateng blm coba smg sesuai dgn reviewnya packing rapih tks,Positif
371,0qhvi_b1ie,5,2025-08-19 10:41,ketan hitam tekstur blum coba guna utk kue,Positif
372,sentakushop,5,2025-06-23 20:59,blm masak tekstur tepung guna bolu tau kualitas beli coba sih yg bingung order pcs ngga kirim sampe dibatalin dr shopee order pc kirim chat seller kirim hari sampe kota tolong kirim baik,Positif
373,m*****i,5,2025-09-30 10:21,tekstur bagus coba merk cocok merk tepung haluss gak ngeres warna hitam pekat bubuk coklat dll bau wangi khas ketan hitam gak apek mantapp moga harga ga,Netral
374,m*****e,5,2025-10-15 21:51,tekstur nagus guna cocok bikin kue tepung ketan hitam harga jangkau expired cocok bikin kue viral respon jual cepat emas produk aman,Netral
375,n*****o,5,2025-10-30 20:56,oke tekstur bagus guna kue hasil hitam pekat bagus cahaya foto aja hasil beda asli hitam bagus banget,Positif
376,h*****p,5,2025-11-24 16:58,barang sesuai cepat kirim standar harga standar barang utuh rekomended anjur beli,Positif
377,ranti5293,5,2025-12-08 08:33,alhamdulillah order yg tiga jual laris manis ketan nnti order lg terimakasih,Positif
378,e*****i,5,2025-10-10 07:54,tekstur halus cocok bolu kukus kualitas bagus mantap,Positif
379,clevamiastore,5,2025-10-30 16:23,tekstur lembut berstektur guna bikin bolu ketan hitam endul bestie twpung jg tengik gimana good,Netral
380,yesi_yasinta,5,2025-10-30 14:27,coba bagus moga beneran bagus hehe,Positif
381,09auliarosadi,5,2025-10-03 12:44,pas lidah manis tekstur milik tekstur bagus guna cocok kue yg lezat udak sekian kali kue anak suka,Positif
382,ugieriyadi,5,2025-09-15 11:20,coba tekstur lembut guna cocok kue bolu ketan keju lumer emas cepat kirim cepat packing standar aman moga besok as sesuai ekspektasi bikin kue klo next time pesan,Positif
383,niena.amoy,5,2025-09-18 09:27,muas tekstur lembut guna cocok jenis kue basah mantap bikin dodol kemas banget maklum gak beli tepung ketan jajan bahan tepung ketan harga mahal,Netral
384,indrayuliana,5,2025-12-25 07:41,endulita tekstur krenyes tepung ketan hitam guna bolu ketan hitam brownis ketan hitam update nilai cocok olah kue brownis bolu ketan hitam harga ramah kantong recommended banget toko amanah poko langgan,Positif
385,momentreseller,5,2025-11-28 17:47,tekstur tekstur lembut guna kue terimakasih toko beli alhamdulillah cepat pakcing rapi tepung lembut ga kasar kue,Netral
386,tba.pku,5,2025-09-19 10:04,khas ketan hitam tekstur halus guna cocok aneka kue recommended gak suka krenyes krenyes kue yg ino tepung halus,Positif
387,iwanfirdausthohir,5,2025-10-18 10:05,respon cepat komunikatif kirim cepat aman produk sesuai gambar deskripsi jamin amanah rekomendasi seller bintang,Positif
388,irma_retailindo,5,2025-10-30 18:07,pesan packing pake bubble alhmdulillah isi pecah kemas bagus expired trimakasih,Netral
389,asriprimasari,5,2025-12-26 07:22,enakkk tekstur lembut guna cocok bolu ketan kmrn nyobain bikin bugis jugaaaaa,Positif
390,rosesriani,5,2025-12-01 16:31,alhamdulillah sesuai pesan coba bikin kue,Positif
391,d*****2,5,2026-01-07 15:46,coba smoga tekstur tekstur lembut guna cocok brownis ketan hitam kurir baikkkk,Positif
392,ekaabidin,5,2025-09-11 10:00,tekstur halus guna kue dapet harga murah flashsale jdi maaf klo co ny cumn tdiny beli stok,Positif
393,azkarinnafitri960,5,2025-09-16 08:45,lezat tekstur ketan guna bikin brownies bakar coklat ketan hasil kirim jg cepat,Positif
394,desriwarini22,5,2025-09-17 20:14,tekstur bagus packing amann banget smp samarinda ga yg bocor kerennn seller laris barokah,Netral
395,yanti_kumasih,5,2025-09-17 16:31,blm coba guna balu cake ketan hitam alhamdulillah kirim cepat barang terima dng harga umum,Positif
396,aw389d478a,5,2025-12-16 19:51,tepung bolu worth it terima kasih seller best murah murah,Positif
397,dyahdyah531,5,2025-09-16 07:00,bagus barang mya srsuai dan moga nt tepung pakai kue terimkasih sopi,Positif
398,d*****e,5,2025-11-25 14:47,rim lumayan cepat coba moga sesuai svideonya,Positif
399,m4m4ica,5,2025-10-30 07:55,bagus bngt dipke bkin bolu ngeres pkoknya halus gk bau apek tepung ny,Netral
400,hetti_mulyati,5,2025-11-08 19:05,banget tekstur lembut warna hitam pekat,Positif
401,nufailhanif277,5,2025-09-18 18:33,tekstur kualitas bagus guna bikin bolu kue,Positif
402,junajunet478,5,2025-08-31 17:24,milik cita kaya legit tekstur bubuk guna bolu ketan hitam,Positif
403,r*****s,5,2025-08-29 18:08,alhamdulillah barang next order terimakasih seller,Positif
404,vania003,5,2025-09-01 12:34,bintang yg kualitas bagus lembut tekstur next order,Positif
405,elizabethanita,5,2025-08-20 12:51,blm coba bolu ketan hitam keju lumer,Positif
406,rachmadiati,5,2025-08-18 18:08,tekstur lembut guna cocok kue terimakasih tepung lembut jd kue nikmat terimakasih ka moga usaha lancar,Positif
407,eti1204,5,2025-08-10 20:38,tekstur guna kue pesan terima aman terima kasih kk,Positif
408,s*****u,5,2025-08-03 18:32,tekstur gak kasar guna bolu ketan harga murah cepat bahan bolu ketan hitam pasir lembut ragu beli,Netral
409,a*****5,5,2025-07-06 17:44,coba tekstur coba guna cocok bikin kue viral kualitas produk barang kondisi sesuai pes pilih kirim sesuai tanggal estimasi terima kasih,Positif
410,j*****a,5,2025-07-08 06:27,paket tepung ketan hitam mao coba moga kirim lumayan cepat aman terimakasih abang kurir seller,Positif
411,nikaekawati251,5,2025-07-11 21:16,blm masak tekstur garing guna blm coba sesuai gambat,Positif
412,enabunnn,5,2025-07-05 09:22,muas tekstur milik tekstur lezat guna cocok anaka kue order kualitas tepung emang bagus banget tahan yaa saran aja adain yg kemas kg terima kasih update nilai,Positif
413,b*****a,5,2025-07-03 10:39,lezat muas tekstur milik tekstur yg bagus guna cocok kue yg lezat paket dg rapi yg bocor blm coba moga hasil ebak bolu hrsnya legit krn prnh coba merk yg hasil legit mantul,Netral
414,l*****5,5,2025-07-09 19:55,paket sesuai deskripsi tekstur halus coba moga,Positif
415,s*****2,5,2025-07-06 13:45,bilang kalo tepung tuh banget dipake bikin bolu nyoba moga beneran thanks seller,Positif
416,ana1504,5,2025-07-08 08:59,barang sesuai pesan harga standar kirim lumayan packing aman pokok recommended seller,Positif
417,augustien8,5,2025-07-02 17:55,ketan hitam tekstur halus guna bahan kue pesan sdh terima dg kemas rapi aman sesuai pesan proses order kirim cepat terima kasih,Positif
418,thienienidy,5,2025-07-04 12:10,paket sesuai dg yg pes ken roti yg lg viral,Positif
419,d*****a,5,2025-07-03 10:57,tekstur lembut guna bolu ketan hitam emas berat sesuai kirim cepat,Positif
420,idza215,5,2025-07-04 22:58,wangi tekstur bikin bolu jdi lembut guna bolu ketan,Positif
421,dharoenkputrapetir,5,2025-07-03 18:06,kue tekstur lembut guna kue alhamdulillah paket,Positif
422,w*****8,5,2025-06-25 17:38,coba gak tau tekstur milik tekstur tepung guna masak bolu ketan kukus keju lumer yg viral sempet coba ngumpulin mood deh bikin kue bolu ketan kukus keju lumer yg viral makasih seller makasih shopee,Positif
423,puspamardina,5,2025-06-29 18:59,ketan hitam tekstur halus guna bolu alhamdulillah tepung ketan viral langka ramai order kirim lambat proses,Netral
424,msidik25,5,2025-07-01 16:38,pasir tekstur bubuk guna cocok kue kirim oke barang oke,Netral
425,a*****2,5,2025-06-30 12:55,blm coba tekstur blm coba guna bolu mksih paket sdah smpai barang sesuai gambar semuga jd kue yg jd yg ku,Positif
426,sitihalimatus035,5,2025-06-30 11:10,tekstur milik tekstur lembut guna cocok kue barang sesuai coba moga maksih seller,Positif
427,s*****n,5,2025-06-30 12:23,tau coba guna kue bolu ketan hitam keju lumer virak,Positif
428,idza215,5,2025-06-30 16:51,legit tekstur lembut guna cocok bolu yg viral,Positif
429,zagitaarie,5,2025-06-29 09:29,lezat tekstur lembut guna kue,Positif
430,alanialanifirda,5,2025-06-25 19:55,cocok bolu kualitas blm tau cba klo hasil bgus asli ketan next order lg maaf telat rivieww,Positif
431,asniyati2511,5,2025-06-26 12:14,alhamdulillah paket kirim lumayan cepat packing barang rapi tepung kadaluarsanya,Netral
432,violitasaridewi,5,2025-08-16 02:39,apek tekstur kasar produk kualitas buruk beli oke warna bagus tepung ber aroma repurchase maaf bgt tepung apek kukus apek warna hitam rata ibra olshop,Netral
433,ibra.olshop,5,2025-06-26 07:02,kualitas moga bagus cocok kue masak moga bikin bolu ketan hitam keju,Positif
434,linafahmi27,5,2025-06-27 20:03,enakkk tekstur lembut gurih guna cocok kue viral,Positif
435,kginap,5,2025-06-26 12:21,cocok bolu kualitas puas tepung mantap pas dieksekusiii,Positif
436,nienieng,5,2025-06-14 05:50,tekstur lembut guna bikin bolu ketan hitam sabar order tepung bummi hasil muas klo order jgn mepet order yg kali minggu,Positif
437,h*****k,5,2025-06-27 07:23,bagus tepung hitam pasir,Netral
438,tiajupe77,5,2025-06-16 21:55,tekstur lembut guna bolu sempet ngasih nilai bikin pake tepung ketan merk bummi order yg tepung wangi jg bolu cuman sayang aja pas order kirim kl po tulis aja kaa jd customer gak nunggu bolak lacak pesan over all bagus makasiihh kaa,Netral
439,uhanikk29,5,2025-06-13 19:18,coba tekstur bubuk guna bolu packing aman jg tau kalo lubang dikit biar engga kempes lap biar engga bocor sipp bgt sedih packing bgt moga improve yaa seller sukses yaa,Negatif
440,shanty_mkasari,5,2025-06-14 16:30,mantap tepung ketan pekat bagus kirim emang produksi dl sabar tp nyampe tapat makasih,Netral
441,dewin15,5,2025-06-16 07:02,tekstur kasar ketan guna kue viral kue yg sy jd bagus sisa tigl sdh pakai bungkus,Netral
442,l*****3,5,2025-06-15 10:17,sampean bikin produk kirim ckup warna hitam ckup pekat oke ngobatin pnasaran thankyou,Netral
443,iraherawati05,5,2025-06-13 17:00,ok tekstur tepung guna kue tepung ketan hitam cocok cake moga kue,Positif
444,d*****4,5,2025-06-12 11:14,warna cantik hitam pekat pokok beli recommended,Positif
445,nadiaalya2001,5,2025-06-12 15:32,kemas rapih barang aman sesuai pesan,Positif
446,y*****e,5,2025-07-01 15:38,lembut tekstur halus guna cocok kue udah habis bungkus tepung ketan lembut bikin kue viral gak bikin seret harga ramah kantong order udah habis,Positif
447,indah_ramlan,5,2025-07-03 17:29,alhamdulillah pesan barang blm coba mudah bagus terimakasih kak moga usaha lancar berkah,Positif
448,b*****e,5,2025-06-13 17:31,oke tekstur oke guna bolu ketan hitam alhamdulillah enaaak duh aja awet awet isi gr ku emang suka ketan hitam karna free gluten,Positif
449,ernisaman,5,2025-07-01 19:33,lezat tekstur bagus guna kue kualitas produk kirim cpt recommended makasih yaaa,Positif
450,o*****i,5,2024-03-25 16:56,kualitas foto brownies pake tepung bummi aroma ketan hitam mantep ngga kalah dark chocolatenya kemarin paksa bikin brownie pake tepung ketan hitam merek yg toko deket rumah hasil bagus pake tepung bummi bungkus pas resep ngga nimbang packagingnya lapis xd pake bubble wrap repeat order mah thank you nandamoethy,Positif
451,nandamoethy,5,2025-06-30 08:06,ketan hitam bagus banget warna hitam pekat manul makasii kak,Positif
452,nienieng,5,2025-06-26 15:56,kualitas bagus banget cocok bolu beli kali pokok recommended banget toko tepung ketan hitam,Positif
453,niazulhakimi,5,2025-06-29 17:46,sampenya alhamdulillah ga yg bocor aman thanx seller shope kurir,Negatif
454,a*****a,5,2025-06-16 22:57,tekstur lembut guna kue bolu keran brasa banget,Positif
455,susitriliyanti,5,2025-07-05 21:18,tekstur lembut tdk pasir guna bolu tdk bau apek tdk pasir langgan utk,Netral
456,ik_yuni_rahmawati,5,2025-06-12 10:12,khas pas tidaj manis tekstur halus khas beda dg brownies tepung guna cocok umtuk browmies kukus harga murah banding seller thanks,Positif
457,momentreseller,5,2025-07-05 09:21,ketan hitam tekstur lembut guna cocok kue bahan ketan hitam terimakasih ka admin paket tepung ketan cepat amanah dlm cepat proses order,Positif
458,u*****a,5,2025-06-30 13:19,tekstur lembut guna bikin kue tepung ny so far sesuai fresh cm kirim krn lg viral trs stok ny abis,Netral
459,t*****e,5,2025-07-01 19:21,tekstur lembut guna untum bolu ketan terimakasih seller next order toko,Positif
460,usitmaulida,5,2025-07-08 11:00,tekstur guna peking aman cepat,Positif
461,i*****b,5,2025-07-09 09:41,enakk tekstur lembut guna cocok bolu ketan tepung ketan beda yg ketan lembut wangi,Positif
462,dedecholis,5,2025-07-02 12:54,lezat tekstur textur yg bagus guna cocok bikin kue blom coba moga hasil bagus kirim cepat trimakasih shopee nex order,Positif
463,novitareviews,5,2025-07-03 20:55,ikut fomo bikin bolu coba mudah hasil sesuai ekspektasi,Positif
464,p*****z,5,2025-06-25 06:57,legit mantap tekstur ga grainy guna bikin bolu ketan ah banget pokok mantul,Positif
465,d*****h,5,2025-06-28 19:47,blm coba tekstur lembut guna bolu alhamdulillah recommended seller trimakasih,Positif
466,fitrisuciawati132,5,2025-07-08 11:05,tekstur lembut pasir guna cocok bolu,Netral
467,7shjesmdg8,5,2025-06-27 05:49,pas lidah manis tekstur lembut kenyal guna cocok kue lezat,Positif
468,d*****0,5,2023-11-14 14:56,cocok cake alhamdulillaah beli toko amanah service cepat packing rapi aman gak bocor terimakasih seller abang kurir moga sehat,Netral
469,stellafelicia420,5,2025-06-16 18:45,muas tekstur milik tekstur bagus guna cocok kue bolu lezat,Positif
470,rosesriani,5,2025-12-18 16:18,alhamdulillah sesuai pesan,Positif
471,e*****i,5,2025-09-17 18:36,tekstur kasar guna bikin kue,Netral
472,annatasya_snack,5,2025-09-18 18:12,murah sih warna tepung abu,Positif
473,k*****g,5,2025-11-25 07:35,udah dateng sih tp coba,Positif
474,asma_laela,5,2025-08-31 21:11,sesuai deakripsi,Positif
475,pocopoco186,5,2025-12-01 18:50,guna ok,Positif
476,arniorchid,5,2025-08-18 11:40,kyk beras tekstur halus guna kueh,Positif
477,y*****d,5,2025-07-11 19:10,makasih murah toko,Positif
478,nurulufah,5,2025-07-05 12:36,pesan moga hasil bagus,Positif
479,cinta_najla_muthya,5,2025-07-05 13:34,bolu,Positif
480,t*****7,5,2025-07-03 22:12,coba,Positif
481,mutiaraayudia.s04,5,2025-07-02 17:33,coba,Positif
482,khusnulmawwan,5,2025-06-29 17:40,coba sesuai order,Positif
483,linaemran20014,5,2025-06-28 14:22,coba,Positif
484,hijrotunnadia,5,2025-06-15 16:23,eksekusi,Positif
